[20:37:27] === Author baseline orchestration started ===
[20:37:27] Running all tracks in parallel (EN/RU/BIL × 4 seeds each)
[20:37:27] [eng] Skipping author_eng_test_deterministic.tsv (already done)
[20:37:27] [rus] Skipping author_rus_test_deterministic.tsv (already done)
[20:37:27] [author_eng_test_stochastic_s1.tsv] $ modal run BioNNE-R/modal_app.py::author_baseline_predict --track eng --data-name eng_test_blind.txt --out-name author_eng_test_stochastic_s1.tsv --seed 1 --stochastic
[20:37:27] [author_bil_test_deterministic.tsv] $ modal run BioNNE-R/modal_app.py::author_baseline_predict --track bil --data-name bilingual_test_blind.txt --out-name author_bil_test_deterministic.tsv --seed 42
[20:37:27] [author_rus_test_stochastic_s1.tsv] $ modal run BioNNE-R/modal_app.py::author_baseline_predict --track rus --data-name rus_test_blind.txt --out-name author_rus_test_stochastic_s1.tsv --seed 1 --stochastic
[20:37:27] [author_eng_test_stochastic_s3.tsv] $ modal run BioNNE-R/modal_app.py::author_baseline_predict --track eng --data-name eng_test_blind.txt --out-name author_eng_test_stochastic_s3.tsv --seed 3 --stochastic
[20:37:27] [author_rus_test_stochastic_s2.tsv] $ modal run BioNNE-R/modal_app.py::author_baseline_predict --track rus --data-name rus_test_blind.txt --out-name author_rus_test_stochastic_s2.tsv --seed 2 --stochastic
[20:37:27] [author_rus_test_stochastic_s3.tsv] $ modal run BioNNE-R/modal_app.py::author_baseline_predict --track rus --data-name rus_test_blind.txt --out-name author_rus_test_stochastic_s3.tsv --seed 3 --stochastic
[20:37:27] [author_eng_test_stochastic_s2.tsv] $ modal run BioNNE-R/modal_app.py::author_baseline_predict --track eng --data-name eng_test_blind.txt --out-name author_eng_test_stochastic_s2.tsv --seed 2 --stochastic
[20:37:27] [author_bil_test_stochastic_s1.tsv] $ modal run BioNNE-R/modal_app.py::author_baseline_predict --track bil --data-name bilingual_test_blind.txt --out-name author_bil_test_stochastic_s1.tsv --seed 1 --stochastic
[20:37:27] [author_bil_test_stochastic_s3.tsv] $ modal run BioNNE-R/modal_app.py::author_baseline_predict --track bil --data-name bilingual_test_blind.txt --out-name author_bil_test_stochastic_s3.tsv --seed 3 --stochastic
[20:37:27] [author_bil_test_stochastic_s2.tsv] $ modal run BioNNE-R/modal_app.py::author_baseline_predict --track bil --data-name bilingual_test_blind.txt --out-name author_bil_test_stochastic_s2.tsv --seed 2 --stochastic
  [author_rus_test_stochastic_s2.tsv] Loaded 551,446 instances.
  [author_eng_test_stochastic_s2.tsv] Loaded 818,084 instances.
  [author_eng_test_stochastic_s3.tsv] Loaded 818,084 instances.
  [author_bil_test_deterministic.tsv] Loaded 1,369,530 instances.
  [author_bil_test_stochastic_s3.tsv] Loaded 1,369,530 instances.
  [author_bil_test_stochastic_s1.tsv] Loaded 1,369,530 instances.
  [author_bil_test_stochastic_s2.tsv] Loaded 1,369,530 instances.
  [author_rus_test_stochastic_s2.tsv]   batch 100/1078 | 51,200/551,446 inst | 153 inst/s | ETA 54.3 min
  [author_eng_test_stochastic_s1.tsv] Loaded 818,084 instances.
  [author_rus_test_stochastic_s3.tsv] Loaded 551,446 instances.
  [author_bil_test_stochastic_s3.tsv] Loaded 1,369,530 instances.
  [author_eng_test_stochastic_s2.tsv]   batch 100/1598 | 51,200/818,084 inst | 159 inst/s | ETA 80.3 min
  [author_bil_test_deterministic.tsv]   batch 100/2675 | 51,200/1,369,530 inst | 156 inst/s | ETA 140.5 min
  [author_bil_test_stochastic_s1.tsv]   batch 100/2675 | 51,200/1,369,530 inst | 154 inst/s | ETA 142.7 min
  [author_bil_test_stochastic_s2.tsv]   batch 100/2675 | 51,200/1,369,530 inst | 153 inst/s | ETA 143.6 min
  [author_rus_test_stochastic_s2.tsv]   batch 200/1078 | 102,400/551,446 inst | 150 inst/s | ETA 50.0 min
  [author_eng_test_stochastic_s2.tsv]   batch 200/1598 | 102,400/818,084 inst | 157 inst/s | ETA 75.9 min
  [author_bil_test_deterministic.tsv]   batch 200/2675 | 102,400/1,369,530 inst | 154 inst/s | ETA 136.9 min
  [author_rus_test_stochastic_s3.tsv]   batch 100/1078 | 51,200/551,446 inst | 150 inst/s | ETA 55.7 min
  [author_bil_test_stochastic_s1.tsv]   batch 200/2675 | 102,400/1,369,530 inst | 153 inst/s | ETA 138.3 min
  [author_eng_test_stochastic_s1.tsv]   batch 100/1598 | 51,200/818,084 inst | 150 inst/s | ETA 85.0 min
  [author_bil_test_stochastic_s2.tsv]   batch 200/2675 | 102,400/1,369,530 inst | 151 inst/s | ETA 139.8 min
  [author_rus_test_stochastic_s2.tsv]   batch 300/1078 | 153,600/551,446 inst | 148 inst/s | ETA 44.7 min
  [author_eng_test_stochastic_s2.tsv]   batch 300/1598 | 153,600/818,084 inst | 156 inst/s | ETA 70.8 min
  [author_bil_test_deterministic.tsv]   batch 300/2675 | 153,600/1,369,530 inst | 154 inst/s | ETA 131.9 min
  [author_rus_test_stochastic_s3.tsv]   batch 200/1078 | 102,400/551,446 inst | 149 inst/s | ETA 50.1 min
  [author_bil_test_stochastic_s1.tsv]   batch 300/2675 | 153,600/1,369,530 inst | 152 inst/s | ETA 133.1 min
  [author_bil_test_stochastic_s3.tsv]   batch 100/2675 | 51,200/1,369,530 inst | 147 inst/s | ETA 149.4 min
  [author_eng_test_stochastic_s1.tsv]   batch 200/1598 | 102,400/818,084 inst | 148 inst/s | ETA 80.4 min
  [author_bil_test_stochastic_s2.tsv]   batch 300/2675 | 153,600/1,369,530 inst | 150 inst/s | ETA 134.7 min
  [author_eng_test_stochastic_s2.tsv]   batch 400/1598 | 204,800/818,084 inst | 156 inst/s | ETA 65.5 min
  [author_rus_test_stochastic_s2.tsv]   batch 400/1078 | 204,800/551,446 inst | 147 inst/s | ETA 39.2 min
  [author_bil_test_deterministic.tsv]   batch 400/2675 | 204,800/1,369,530 inst | 153 inst/s | ETA 126.6 min
  [author_bil_test_stochastic_s1.tsv]   batch 400/2675 | 204,800/1,369,530 inst | 152 inst/s | ETA 127.7 min
  [author_rus_test_stochastic_s3.tsv]   batch 300/1078 | 153,600/551,446 inst | 149 inst/s | ETA 44.4 min
  [author_bil_test_stochastic_s3.tsv]   batch 200/2675 | 102,400/1,369,530 inst | 147 inst/s | ETA 143.5 min
  [author_eng_test_stochastic_s1.tsv]   batch 300/1598 | 153,600/818,084 inst | 148 inst/s | ETA 74.9 min
  [author_bil_test_stochastic_s2.tsv]   batch 400/2675 | 204,800/1,369,530 inst | 150 inst/s | ETA 129.4 min
  [author_eng_test_stochastic_s2.tsv]   batch 500/1598 | 256,000/818,084 inst | 156 inst/s | ETA 60.1 min
  [author_rus_test_stochastic_s2.tsv]   batch 500/1078 | 256,000/551,446 inst | 147 inst/s | ETA 33.5 min
  [author_bil_test_deterministic.tsv]   batch 500/2675 | 256,000/1,369,530 inst | 153 inst/s | ETA 121.1 min
  [author_bil_test_stochastic_s1.tsv]   batch 500/2675 | 256,000/1,369,530 inst | 152 inst/s | ETA 122.1 min
  [author_rus_test_stochastic_s3.tsv]   batch 400/1078 | 204,800/551,446 inst | 149 inst/s | ETA 38.7 min
  [author_bil_test_stochastic_s3.tsv]   batch 300/2675 | 153,600/1,369,530 inst | 147 inst/s | ETA 137.7 min
  [author_bil_test_stochastic_s2.tsv]   batch 500/2675 | 256,000/1,369,530 inst | 150 inst/s | ETA 123.9 min
  [author_eng_test_stochastic_s1.tsv]   batch 400/1598 | 204,800/818,084 inst | 147 inst/s | ETA 69.3 min
  [author_eng_test_stochastic_s2.tsv]   batch 600/1598 | 307,200/818,084 inst | 156 inst/s | ETA 54.7 min
  [author_rus_test_stochastic_s2.tsv]   batch 600/1078 | 307,200/551,446 inst | 147 inst/s | ETA 27.7 min
  [author_bil_test_deterministic.tsv]   batch 600/2675 | 307,200/1,369,530 inst | 153 inst/s | ETA 115.5 min
  [author_bil_test_stochastic_s1.tsv]   batch 600/2675 | 307,200/1,369,530 inst | 152 inst/s | ETA 116.6 min
  [author_rus_test_stochastic_s3.tsv]   batch 500/1078 | 256,000/551,446 inst | 149 inst/s | ETA 33.0 min
  [author_bil_test_stochastic_s3.tsv]   batch 400/2675 | 204,800/1,369,530 inst | 147 inst/s | ETA 131.9 min
  [author_bil_test_stochastic_s2.tsv]   batch 600/2675 | 307,200/1,369,530 inst | 150 inst/s | ETA 118.2 min
  [author_eng_test_stochastic_s1.tsv]   batch 500/1598 | 256,000/818,084 inst | 147 inst/s | ETA 63.6 min
  [author_eng_test_stochastic_s2.tsv]   batch 700/1598 | 358,400/818,084 inst | 155 inst/s | ETA 49.3 min
  [author_rus_test_stochastic_s2.tsv]   batch 700/1078 | 358,400/551,446 inst | 147 inst/s | ETA 21.9 min
  [author_bil_test_stochastic_s1.tsv]   batch 700/2675 | 358,400/1,369,530 inst | 152 inst/s | ETA 111.0 min
  [author_rus_test_stochastic_s3.tsv]   batch 600/1078 | 307,200/551,446 inst | 149 inst/s | ETA 27.3 min
  [author_bil_test_stochastic_s3.tsv]   batch 500/2675 | 256,000/1,369,530 inst | 147 inst/s | ETA 126.1 min
  [author_bil_test_stochastic_s2.tsv]   batch 700/2675 | 358,400/1,369,530 inst | 150 inst/s | ETA 112.6 min
  [author_eng_test_stochastic_s1.tsv]   batch 600/1598 | 307,200/818,084 inst | 147 inst/s | ETA 57.8 min
  [author_eng_test_stochastic_s2.tsv]   batch 800/1598 | 409,600/818,084 inst | 155 inst/s | ETA 43.8 min
  [author_rus_test_stochastic_s2.tsv]   batch 800/1078 | 409,600/551,446 inst | 147 inst/s | ETA 16.1 min
  [author_eng_test_stochastic_s3.tsv] Loaded 818,084 instances.
  [author_bil_test_stochastic_s1.tsv]   batch 800/2675 | 409,600/1,369,530 inst | 152 inst/s | ETA 105.4 min
  [author_rus_test_stochastic_s3.tsv]   batch 700/1078 | 358,400/551,446 inst | 149 inst/s | ETA 21.5 min
  [author_bil_test_stochastic_s3.tsv]   batch 600/2675 | 307,200/1,369,530 inst | 147 inst/s | ETA 120.3 min
  [author_bil_test_stochastic_s2.tsv]   batch 800/2675 | 409,600/1,369,530 inst | 150 inst/s | ETA 106.9 min
  [author_eng_test_stochastic_s1.tsv]   batch 700/1598 | 358,400/818,084 inst | 147 inst/s | ETA 52.0 min
  [author_eng_test_stochastic_s2.tsv]   batch 900/1598 | 460,800/818,084 inst | 155 inst/s | ETA 38.3 min
  [author_rus_test_stochastic_s2.tsv]   batch 900/1078 | 460,800/551,446 inst | 146 inst/s | ETA 10.3 min
  [author_bil_test_stochastic_s1.tsv]   batch 900/2675 | 460,800/1,369,530 inst | 152 inst/s | ETA 99.8 min
  [author_rus_test_stochastic_s3.tsv]   batch 800/1078 | 409,600/551,446 inst | 149 inst/s | ETA 15.8 min
  [author_bil_test_stochastic_s2.tsv]   batch 900/2675 | 460,800/1,369,530 inst | 149 inst/s | ETA 101.3 min
  [author_bil_test_stochastic_s3.tsv]   batch 700/2675 | 358,400/1,369,530 inst | 147 inst/s | ETA 114.5 min
  [author_eng_test_stochastic_s1.tsv]   batch 800/1598 | 409,600/818,084 inst | 147 inst/s | ETA 46.2 min
  [author_eng_test_stochastic_s2.tsv]   batch 1000/1598 | 512,000/818,084 inst | 155 inst/s | ETA 32.8 min
  [author_eng_test_stochastic_s3.tsv]   batch 100/1598 | 51,200/818,084 inst | 153 inst/s | ETA 83.3 min
  [author_rus_test_stochastic_s2.tsv]   batch 1000/1078 | 512,000/551,446 inst | 146 inst/s | ETA 4.5 min
  [author_bil_test_stochastic_s1.tsv]   batch 1000/2675 | 512,000/1,369,530 inst | 152 inst/s | ETA 94.2 min
  [author_rus_test_stochastic_s3.tsv]   batch 900/1078 | 460,800/551,446 inst | 149 inst/s | ETA 10.1 min
  [author_bil_test_stochastic_s2.tsv]   batch 1000/2675 | 512,000/1,369,530 inst | 149 inst/s | ETA 95.7 min
  [author_bil_test_stochastic_s3.tsv]   batch 800/2675 | 409,600/1,369,530 inst | 147 inst/s | ETA 108.7 min
  [author_eng_test_stochastic_s1.tsv]   batch 900/1598 | 460,800/818,084 inst | 147 inst/s | ETA 40.5 min
  [author_eng_test_stochastic_s2.tsv]   batch 1100/1598 | 563,200/818,084 inst | 155 inst/s | ETA 27.4 min
  [author_rus_test_stochastic_s2.tsv]   batch 1078/1078 | 551,446/551,446 inst | 146 inst/s | ETA 0.0 min
  [author_rus_test_stochastic_s2.tsv] Saved 15,393 positive predictions → /vol/author_predictions/author_rus_test_stochastic_s2.tsv
[21:43:13] [rus] Done: author_rus_test_stochastic_s2.tsv
  [author_eng_test_stochastic_s3.tsv]   batch 200/1598 | 102,400/818,084 inst | 152 inst/s | ETA 78.7 min
  [author_rus_test_stochastic_s1.tsv] Loaded 551,446 instances.
  [author_bil_test_stochastic_s1.tsv]   batch 1100/2675 | 563,200/1,369,530 inst | 152 inst/s | ETA 88.6 min
  [author_rus_test_stochastic_s3.tsv]   batch 1000/1078 | 512,000/551,446 inst | 149 inst/s | ETA 4.4 min
  [author_bil_test_stochastic_s2.tsv]   batch 1100/2675 | 563,200/1,369,530 inst | 149 inst/s | ETA 90.0 min
  [author_bil_test_stochastic_s3.tsv]   batch 900/2675 | 460,800/1,369,530 inst | 147 inst/s | ETA 102.9 min
  [author_eng_test_stochastic_s2.tsv]   batch 1200/1598 | 614,400/818,084 inst | 155 inst/s | ETA 21.9 min
  [author_eng_test_stochastic_s1.tsv]   batch 1000/1598 | 512,000/818,084 inst | 147 inst/s | ETA 34.7 min
  [author_eng_test_stochastic_s3.tsv]   batch 300/1598 | 153,600/818,084 inst | 151 inst/s | ETA 73.3 min
  [author_rus_test_stochastic_s3.tsv]   batch 1078/1078 | 551,446/551,446 inst | 149 inst/s | ETA 0.0 min
  [author_rus_test_stochastic_s3.tsv] Saved 15,308 positive predictions → /vol/author_predictions/author_rus_test_stochastic_s3.tsv
[21:50:58] [rus] Done: author_rus_test_stochastic_s3.tsv
  [author_bil_test_stochastic_s1.tsv]   batch 1200/2675 | 614,400/1,369,530 inst | 152 inst/s | ETA 83.0 min
  [author_bil_test_deterministic.tsv] Loaded 1,369,530 instances.
  [author_bil_test_stochastic_s2.tsv]   batch 1200/2675 | 614,400/1,369,530 inst | 149 inst/s | ETA 84.3 min
  [author_eng_test_stochastic_s2.tsv]   batch 1300/1598 | 665,600/818,084 inst | 155 inst/s | ETA 16.4 min
  [author_bil_test_stochastic_s3.tsv]   batch 1000/2675 | 512,000/1,369,530 inst | 147 inst/s | ETA 97.1 min
  [author_eng_test_stochastic_s1.tsv]   batch 1100/1598 | 563,200/818,084 inst | 147 inst/s | ETA 28.9 min
  [author_rus_test_stochastic_s1.tsv]   batch 100/1078 | 51,200/551,446 inst | 143 inst/s | ETA 58.3 min
  [author_eng_test_stochastic_s3.tsv] Loaded 818,084 instances.
  [author_bil_test_stochastic_s1.tsv]   batch 1300/2675 | 665,600/1,369,530 inst | 152 inst/s | ETA 77.4 min
  [author_eng_test_stochastic_s2.tsv]   batch 1400/1598 | 716,800/818,084 inst | 155 inst/s | ETA 10.9 min
  [author_bil_test_stochastic_s2.tsv]   batch 1300/2675 | 665,600/1,369,530 inst | 149 inst/s | ETA 78.6 min
  [author_bil_test_stochastic_s3.tsv]   batch 1100/2675 | 563,200/1,369,530 inst | 147 inst/s | ETA 91.3 min
  [author_eng_test_stochastic_s1.tsv]   batch 1200/1598 | 614,400/818,084 inst | 147 inst/s | ETA 23.1 min
  [author_rus_test_stochastic_s1.tsv]   batch 200/1078 | 102,400/551,446 inst | 143 inst/s | ETA 52.3 min
  [author_bil_test_stochastic_s1.tsv]   batch 1400/2675 | 716,800/1,369,530 inst | 152 inst/s | ETA 71.8 min
  [author_bil_test_deterministic.tsv]   batch 100/2675 | 51,200/1,369,530 inst | 153 inst/s | ETA 143.8 min
  [author_eng_test_stochastic_s2.tsv]   batch 1500/1598 | 768,000/818,084 inst | 155 inst/s | ETA 5.4 min
  [author_bil_test_stochastic_s2.tsv]   batch 1400/2675 | 716,800/1,369,530 inst | 149 inst/s | ETA 72.9 min
  [author_bil_test_stochastic_s3.tsv]   batch 1200/2675 | 614,400/1,369,530 inst | 147 inst/s | ETA 85.5 min
  [author_eng_test_stochastic_s1.tsv]   batch 1300/1598 | 665,600/818,084 inst | 147 inst/s | ETA 17.3 min
  [author_eng_test_stochastic_s3.tsv]   batch 100/1598 | 51,200/818,084 inst | 141 inst/s | ETA 90.3 min
  [author_rus_test_stochastic_s1.tsv]   batch 300/1078 | 153,600/551,446 inst | 143 inst/s | ETA 46.3 min
  [author_bil_test_stochastic_s1.tsv]   batch 1500/2675 | 768,000/1,369,530 inst | 152 inst/s | ETA 66.1 min
  [author_bil_test_deterministic.tsv]   batch 200/2675 | 102,400/1,369,530 inst | 152 inst/s | ETA 139.3 min
  [author_eng_test_stochastic_s2.tsv]   batch 1598/1598 | 818,084/818,084 inst | 155 inst/s | ETA 0.0 min
  [author_eng_test_stochastic_s2.tsv] Saved 21,608 positive predictions → /vol/author_predictions/author_eng_test_stochastic_s2.tsv
[22:09:20] [eng] Done: author_eng_test_stochastic_s2.tsv
  [author_bil_test_stochastic_s2.tsv]   batch 1500/2675 | 768,000/1,369,530 inst | 149 inst/s | ETA 67.2 min
  [author_bil_test_stochastic_s3.tsv]   batch 1300/2675 | 665,600/1,369,530 inst | 147 inst/s | ETA 79.7 min
  [author_eng_test_stochastic_s1.tsv]   batch 1400/1598 | 716,800/818,084 inst | 147 inst/s | ETA 11.5 min
  [author_eng_test_stochastic_s3.tsv]   batch 200/1598 | 102,400/818,084 inst | 142 inst/s | ETA 84.3 min
  [author_rus_test_stochastic_s1.tsv]   batch 400/1078 | 204,800/551,446 inst | 143 inst/s | ETA 40.4 min
  [author_bil_test_stochastic_s1.tsv]   batch 1600/2675 | 819,200/1,369,530 inst | 152 inst/s | ETA 60.5 min
  [author_bil_test_deterministic.tsv]   batch 300/2675 | 153,600/1,369,530 inst | 151 inst/s | ETA 133.9 min
  [author_bil_test_stochastic_s2.tsv]   batch 1600/2675 | 819,200/1,369,530 inst | 149 inst/s | ETA 61.5 min
  [author_bil_test_stochastic_s3.tsv]   batch 1400/2675 | 716,800/1,369,530 inst | 147 inst/s | ETA 73.9 min
  [author_eng_test_stochastic_s1.tsv]   batch 1500/1598 | 768,000/818,084 inst | 147 inst/s | ETA 5.7 min
  [author_eng_test_stochastic_s3.tsv]   batch 300/1598 | 153,600/818,084 inst | 142 inst/s | ETA 78.2 min
  [author_rus_test_stochastic_s1.tsv]   batch 500/1078 | 256,000/551,446 inst | 143 inst/s | ETA 34.4 min
  [author_bil_test_stochastic_s1.tsv]   batch 1700/2675 | 870,400/1,369,530 inst | 152 inst/s | ETA 54.9 min
  [author_bil_test_deterministic.tsv]   batch 400/2675 | 204,800/1,369,530 inst | 151 inst/s | ETA 128.4 min
  [author_bil_test_stochastic_s2.tsv]   batch 1700/2675 | 870,400/1,369,530 inst | 149 inst/s | ETA 55.8 min
  [author_bil_test_stochastic_s3.tsv]   batch 1500/2675 | 768,000/1,369,530 inst | 147 inst/s | ETA 68.1 min
  [author_eng_test_stochastic_s1.tsv]   batch 1598/1598 | 818,084/818,084 inst | 147 inst/s | ETA 0.0 min
  [author_eng_test_stochastic_s1.tsv] Saved 21,544 positive predictions → /vol/author_predictions/author_eng_test_stochastic_s1.tsv
[22:22:21] [eng] Done: author_eng_test_stochastic_s1.tsv
  [author_eng_test_stochastic_s3.tsv]   batch 400/1598 | 204,800/818,084 inst | 142 inst/s | ETA 72.2 min
  [author_rus_test_stochastic_s1.tsv]   batch 600/1078 | 307,200/551,446 inst | 143 inst/s | ETA 28.5 min
  [author_bil_test_stochastic_s1.tsv]   batch 1800/2675 | 921,600/1,369,530 inst | 152 inst/s | ETA 49.2 min
  [author_bil_test_deterministic.tsv]   batch 500/2675 | 256,000/1,369,530 inst | 151 inst/s | ETA 123.0 min
  [author_bil_test_stochastic_s2.tsv]   batch 1800/2675 | 921,600/1,369,530 inst | 149 inst/s | ETA 50.1 min
  [author_bil_test_stochastic_s3.tsv]   batch 1600/2675 | 819,200/1,369,530 inst | 147 inst/s | ETA 62.3 min
  [author_eng_test_stochastic_s3.tsv]   batch 500/1598 | 256,000/818,084 inst | 142 inst/s | ETA 66.2 min
  [author_rus_test_stochastic_s1.tsv]   batch 700/1078 | 358,400/551,446 inst | 143 inst/s | ETA 22.5 min
  [author_bil_test_stochastic_s1.tsv]   batch 1900/2675 | 972,800/1,369,530 inst | 152 inst/s | ETA 43.6 min
  [author_bil_test_deterministic.tsv]   batch 600/2675 | 307,200/1,369,530 inst | 151 inst/s | ETA 117.4 min
  [author_bil_test_stochastic_s2.tsv]   batch 1900/2675 | 972,800/1,369,530 inst | 149 inst/s | ETA 44.4 min
  [author_bil_test_stochastic_s3.tsv]   batch 1700/2675 | 870,400/1,369,530 inst | 147 inst/s | ETA 56.5 min
  [author_eng_test_stochastic_s3.tsv]   batch 600/1598 | 307,200/818,084 inst | 142 inst/s | ETA 60.2 min
  [author_rus_test_stochastic_s1.tsv]   batch 800/1078 | 409,600/551,446 inst | 143 inst/s | ETA 16.5 min
  [author_bil_test_stochastic_s1.tsv]   batch 2000/2675 | 1,024,000/1,369,530 inst | 152 inst/s | ETA 38.0 min
  [author_bil_test_deterministic.tsv]   batch 700/2675 | 358,400/1,369,530 inst | 151 inst/s | ETA 111.8 min
  [author_bil_test_stochastic_s2.tsv]   batch 2000/2675 | 1,024,000/1,369,530 inst | 149 inst/s | ETA 38.6 min
  [author_bil_test_stochastic_s3.tsv]   batch 1800/2675 | 921,600/1,369,530 inst | 147 inst/s | ETA 50.7 min
  [author_eng_test_stochastic_s3.tsv]   batch 700/1598 | 358,400/818,084 inst | 142 inst/s | ETA 54.1 min
  [author_bil_test_stochastic_s1.tsv]   batch 2100/2675 | 1,075,200/1,369,530 inst | 152 inst/s | ETA 32.4 min
  [author_rus_test_stochastic_s1.tsv]   batch 900/1078 | 460,800/551,446 inst | 143 inst/s | ETA 10.6 min
  [author_bil_test_deterministic.tsv]   batch 800/2675 | 409,600/1,369,530 inst | 151 inst/s | ETA 106.2 min
  [author_bil_test_stochastic_s2.tsv]   batch 2100/2675 | 1,075,200/1,369,530 inst | 149 inst/s | ETA 32.9 min
  [author_bil_test_stochastic_s3.tsv]   batch 1900/2675 | 972,800/1,369,530 inst | 147 inst/s | ETA 44.9 min
  [author_bil_test_stochastic_s1.tsv]   batch 2200/2675 | 1,126,400/1,369,530 inst | 152 inst/s | ETA 26.7 min
  [author_eng_test_stochastic_s3.tsv]   batch 800/1598 | 409,600/818,084 inst | 142 inst/s | ETA 48.1 min
  [author_rus_test_stochastic_s1.tsv]   batch 1000/1078 | 512,000/551,446 inst | 143 inst/s | ETA 4.6 min
  [author_bil_test_deterministic.tsv]   batch 900/2675 | 460,800/1,369,530 inst | 151 inst/s | ETA 100.5 min
  [author_bil_test_stochastic_s2.tsv]   batch 2200/2675 | 1,126,400/1,369,530 inst | 149 inst/s | ETA 27.2 min
  [author_bil_test_stochastic_s3.tsv]   batch 2000/2675 | 1,024,000/1,369,530 inst | 147 inst/s | ETA 39.1 min
  [author_rus_test_stochastic_s1.tsv]   batch 1078/1078 | 551,446/551,446 inst | 143 inst/s | ETA 0.0 min
  [author_rus_test_stochastic_s1.tsv] Saved 15,379 positive predictions → /vol/author_predictions/author_rus_test_stochastic_s1.tsv
[22:52:59] [rus] Done: author_rus_test_stochastic_s1.tsv
[22:52:59] [rus] Running ensemble → author_rus_test_ensemble.tsv
[22:52:59] [rus_ensemble] $ modal run BioNNE-R/modal_app.py::ensemble_track --track rus
  [author_bil_test_stochastic_s1.tsv]   batch 2300/2675 | 1,177,600/1,369,530 inst | 152 inst/s | ETA 21.1 min
  [author_eng_test_stochastic_s3.tsv]   batch 900/1598 | 460,800/818,084 inst | 142 inst/s | ETA 42.1 min
  [author_bil_test_deterministic.tsv]   batch 1000/2675 | 512,000/1,369,530 inst | 151 inst/s | ETA 94.9 min
  [author_bil_test_stochastic_s2.tsv]   batch 2300/2675 | 1,177,600/1,369,530 inst | 149 inst/s | ETA 21.5 min
  [author_bil_test_stochastic_s3.tsv]   batch 2100/2675 | 1,075,200/1,369,530 inst | 147 inst/s | ETA 33.3 min
  [rus_ensemble] Ensemble → author_rus_test_ensemble.tsv: 16,866 positive predictions
[22:57:16] [rus_dl] $ modal volume get bionne-v2 author_predictions/author_rus_test_ensemble.tsv /home/obi/competitions/NEREL-BIO/baseline/outputs/author_rus_test_ensemble.tsv
  [rus_dl] ╭─ Error ──────────────────────────────────────────────────────────────────────╮
[22:57:17] [rus] Saved ensemble to /home/obi/competitions/NEREL-BIO/baseline/outputs/author_rus_test_ensemble.tsv
  [author_bil_test_stochastic_s1.tsv]   batch 2400/2675 | 1,228,800/1,369,530 inst | 151 inst/s | ETA 15.5 min
  [author_eng_test_stochastic_s3.tsv]   batch 1000/1598 | 512,000/818,084 inst | 142 inst/s | ETA 36.0 min
  [author_bil_test_deterministic.tsv]   batch 1100/2675 | 563,200/1,369,530 inst | 151 inst/s | ETA 89.2 min
  [author_bil_test_stochastic_s2.tsv]   batch 2400/2675 | 1,228,800/1,369,530 inst | 149 inst/s | ETA 15.7 min
  [author_bil_test_stochastic_s3.tsv]   batch 2200/2675 | 1,126,400/1,369,530 inst | 147 inst/s | ETA 27.5 min
  [author_bil_test_stochastic_s1.tsv]   batch 2500/2675 | 1,280,000/1,369,530 inst | 151 inst/s | ETA 9.8 min
  [author_bil_test_deterministic.tsv]   batch 1200/2675 | 614,400/1,369,530 inst | 151 inst/s | ETA 83.5 min
  [author_eng_test_stochastic_s3.tsv]   batch 1100/1598 | 563,200/818,084 inst | 142 inst/s | ETA 30.0 min
  [author_bil_test_stochastic_s2.tsv]   batch 2500/2675 | 1,280,000/1,369,530 inst | 149 inst/s | ETA 10.0 min
  [author_bil_test_stochastic_s3.tsv]   batch 2300/2675 | 1,177,600/1,369,530 inst | 147 inst/s | ETA 21.7 min
  [author_bil_test_stochastic_s1.tsv]   batch 2600/2675 | 1,331,200/1,369,530 inst | 151 inst/s | ETA 4.2 min
  [author_bil_test_deterministic.tsv]   batch 1300/2675 | 665,600/1,369,530 inst | 151 inst/s | ETA 77.8 min
  [author_eng_test_stochastic_s3.tsv]   batch 1200/1598 | 614,400/818,084 inst | 142 inst/s | ETA 24.0 min
  [author_bil_test_stochastic_s2.tsv]   batch 2600/2675 | 1,331,200/1,369,530 inst | 149 inst/s | ETA 4.3 min
  [author_bil_test_stochastic_s3.tsv]   batch 2400/2675 | 1,228,800/1,369,530 inst | 147 inst/s | ETA 15.9 min
  [author_bil_test_stochastic_s1.tsv]   batch 2675/2675 | 1,369,530/1,369,530 inst | 151 inst/s | ETA 0.0 min
  [author_bil_test_stochastic_s1.tsv] Saved 32,699 positive predictions → /vol/author_predictions/author_bil_test_stochastic_s1.tsv
[23:14:45] [bil] Done: author_bil_test_stochastic_s1.tsv
  [author_bil_test_deterministic.tsv]   batch 1400/2675 | 716,800/1,369,530 inst | 151 inst/s | ETA 72.1 min
  [author_bil_test_stochastic_s2.tsv]   batch 2675/2675 | 1,369,530/1,369,530 inst | 149 inst/s | ETA 0.0 min
  [author_bil_test_stochastic_s2.tsv] Saved 32,676 positive predictions → /vol/author_predictions/author_bil_test_stochastic_s2.tsv
[23:17:31] [bil] Done: author_bil_test_stochastic_s2.tsv
  [author_eng_test_stochastic_s3.tsv]   batch 1300/1598 | 665,600/818,084 inst | 142 inst/s | ETA 18.0 min
  [author_bil_test_stochastic_s3.tsv]   batch 2500/2675 | 1,280,000/1,369,530 inst | 147 inst/s | ETA 10.1 min
  [author_bil_test_deterministic.tsv]   batch 1500/2675 | 768,000/1,369,530 inst | 151 inst/s | ETA 66.5 min
  [author_eng_test_stochastic_s3.tsv]   batch 1400/1598 | 716,800/818,084 inst | 142 inst/s | ETA 11.9 min
  [author_bil_test_stochastic_s3.tsv]   batch 2600/2675 | 1,331,200/1,369,530 inst | 147 inst/s | ETA 4.3 min
  [author_bil_test_deterministic.tsv]   batch 1600/2675 | 819,200/1,369,530 inst | 151 inst/s | ETA 60.6 min
  [author_bil_test_stochastic_s3.tsv]   batch 2675/2675 | 1,369,530/1,369,530 inst | 147 inst/s | ETA 0.0 min
  [author_bil_test_stochastic_s3.tsv] Saved 32,486 positive predictions → /vol/author_predictions/author_bil_test_stochastic_s3.tsv
[23:30:04] [bil] Done: author_bil_test_stochastic_s3.tsv
  [author_eng_test_stochastic_s3.tsv]   batch 1500/1598 | 768,000/818,084 inst | 142 inst/s | ETA 5.9 min
  [author_bil_test_deterministic.tsv]   batch 1700/2675 | 870,400/1,369,530 inst | 151 inst/s | ETA 55.0 min
  [author_eng_test_stochastic_s3.tsv]   batch 1598/1598 | 818,084/818,084 inst | 142 inst/s | ETA 0.0 min
  [author_eng_test_stochastic_s3.tsv] Saved 21,663 positive predictions → /vol/author_predictions/author_eng_test_stochastic_s3.tsv
[23:36:10] [eng] Done: author_eng_test_stochastic_s3.tsv
[23:36:10] [eng] Running ensemble → author_eng_test_ensemble.tsv
[23:36:10] [eng_ensemble] $ modal run BioNNE-R/modal_app.py::ensemble_track --track eng
  [author_bil_test_deterministic.tsv]   batch 1800/2675 | 921,600/1,369,530 inst | 151 inst/s | ETA 49.3 min
  [eng_ensemble] Ensemble → author_eng_test_ensemble.tsv: 21,208 positive predictions
[23:40:22] [eng_dl] $ modal volume get bionne-v2 author_predictions/author_eng_test_ensemble.tsv /home/obi/competitions/NEREL-BIO/baseline/outputs/author_eng_test_ensemble.tsv
  [eng_dl] ╭─ Error ──────────────────────────────────────────────────────────────────────╮
[23:40:23] [eng] Saved ensemble to /home/obi/competitions/NEREL-BIO/baseline/outputs/author_eng_test_ensemble.tsv
  [author_bil_test_deterministic.tsv]   batch 1900/2675 | 972,800/1,369,530 inst | 152 inst/s | ETA 43.6 min
  [author_bil_test_deterministic.tsv]   batch 2000/2675 | 1,024,000/1,369,530 inst | 152 inst/s | ETA 38.0 min
  [author_bil_test_deterministic.tsv]   batch 2100/2675 | 1,075,200/1,369,530 inst | 152 inst/s | ETA 32.3 min
  [author_bil_test_deterministic.tsv]   batch 2200/2675 | 1,126,400/1,369,530 inst | 152 inst/s | ETA 26.7 min
  [author_bil_test_deterministic.tsv]   batch 2300/2675 | 1,177,600/1,369,530 inst | 152 inst/s | ETA 21.1 min
  [author_bil_test_deterministic.tsv]   batch 2400/2675 | 1,228,800/1,369,530 inst | 152 inst/s | ETA 15.4 min
  [author_bil_test_deterministic.tsv]   batch 2500/2675 | 1,280,000/1,369,530 inst | 152 inst/s | ETA 9.8 min
  [author_bil_test_deterministic.tsv]   batch 2600/2675 | 1,331,200/1,369,530 inst | 152 inst/s | ETA 4.2 min
  [author_bil_test_deterministic.tsv]   batch 2675/2675 | 1,369,530/1,369,530 inst | 152 inst/s | ETA 0.0 min
  [author_bil_test_deterministic.tsv] Saved 36,106 positive predictions → /vol/author_predictions/author_bil_test_deterministic.tsv
[00:28:05] [bil] Done: author_bil_test_deterministic.tsv
[00:28:05] [bil] Running ensemble → author_bil_test_ensemble.tsv
[00:28:05] [bil_ensemble] $ modal run BioNNE-R/modal_app.py::ensemble_track --track bil
  [bil_ensemble] Stopping app - uncaught exception raised locally: FunctionTimeoutError("Task's current input in-01KRCJFAXHDC3A67T0JNPKADWE:1778538490805-0 hit its timeout of 300s").
  [bil_ensemble] ╭─ Error ──────────────────────────────────────────────────────────────────────╮
[00:33:15] [bil] Ensemble failed (exit 1)
[00:33:15] === Author baseline orchestration complete ===
-
  cls.predictions.bias                       | UNEXPECTED |  |
  cls.predictions.transform.LayerNorm.weight | UNEXPECTED |  |
  cls.predictions.transform.LayerNorm.bias   | UNEXPECTED |  |
  cls.seq_relationship.weight                | UNEXPECTED |  |
  cls.predictions.transform.dense.weight     | UNEXPECTED |  |
  cls.seq_relationship.bias                  | UNEXPECTED |  |
  cls.predictions.transform.dense.bias       | UNEXPECTED |  |
  
  Notes:
  - UNEXPECTED:   can be ignored when loading from different task/architecture; not ok if you expect identical arch.
  2026-05-11 18:37:46,325 - httpx - INFO - HTTP Request: HEAD https://huggingface.co/bert-base-multilingual-cased/resolve/main/tokenizer_config.json "HTTP/1.1 200 OK"
  2026-05-11 18:37:46,343 - httpx - INFO - HTTP Request: GET https://huggingface.co/bert-base-multilingual-cased/resolve/main/tokenizer_config.json "HTTP/1.1 200 OK"
  2026-05-11 18:37:46,343 - httpx - INFO - HTTP Request: GET https://huggingface.co/bert-base-multilingual-cased/resolve/main/tokenizer_config.json "HTTP/1.1 200 OK"
  2026-05-11 18:37:46,358 - httpx - INFO - HTTP Request: GET https://huggingface.co/api/models/bert-base-multilingual-cased/tree/main/additional_chat_templates?recursive=false&expand=false "HTTP/1.1 307 Temporary Redirect"
  2026-05-11 18:37:46,361 - httpx - INFO - HTTP Request: GET https://huggingface.co/api/models/bert-base-multilingual-cased/tree/main/additional_chat_templates?recursive=false&expand=false "HTTP/1.1 307 Temporary Redirect"
  2026-05-11 18:37:46,379 - httpx - INFO - HTTP Request: GET https://huggingface.co/api/models/google-bert/bert-base-multilingual-cased/tree/main/additional_chat_templates?recursive=false&expand=false "HTTP/1.1 404 Not Found"
  2026-05-11 18:37:46,396 - httpx - INFO - HTTP Request: GET https://huggingface.co/api/models/bert-base-multilingual-cased/tree/main?recursive=true&expand=false "HTTP/1.1 307 Temporary Redirect"
  2026-05-11 18:37:46,376 - httpx - INFO - HTTP Request: GET https://huggingface.co/api/models/google-bert/bert-base-multilingual-cased/tree/main/additional_chat_templates?recursive=false&expand=false "HTTP/1.1 404 Not Found"
  2026-05-11 18:37:46,393 - httpx - INFO - HTTP Request: GET https://huggingface.co/api/models/bert-base-multilingual-cased/tree/main?recursive=true&expand=false "HTTP/1.1 307 Temporary Redirect"
  2026-05-11 18:37:46,412 - httpx - INFO - HTTP Request: GET https://huggingface.co/api/models/google-bert/bert-base-multilingual-cased/tree/main?recursive=true&expand=false "HTTP/1.1 200 OK"
  2026-05-11 18:37:46,430 - httpx - INFO - HTTP Request: HEAD https://huggingface.co/bert-base-multilingual-cased/resolve/main/vocab.txt "HTTP/1.1 200 OK"
  2026-05-11 18:37:46,449 - httpx - INFO - HTTP Request: GET https://huggingface.co/bert-base-multilingual-cased/resolve/main/vocab.txt "HTTP/1.1 200 OK"
  2026-05-11 18:37:46,415 - httpx - INFO - HTTP Request: GET https://huggingface.co/api/models/google-bert/bert-base-multilingual-cased/tree/main?recursive=true&expand=false "HTTP/1.1 200 OK"
  2026-05-11 18:37:46,439 - httpx - INFO - HTTP Request: HEAD https://huggingface.co/bert-base-multilingual-cased/resolve/main/vocab.txt "HTTP/1.1 200 OK"
  2026-05-11 18:37:46,455 - httpx - INFO - HTTP Request: GET https://huggingface.co/bert-base-multilingual-cased/resolve/main/vocab.txt "HTTP/1.1 200 OK"
  2026-05-11 18:37:46,488 - httpx - INFO - HTTP Request: HEAD https://huggingface.co/bert-base-multilingual-cased/resolve/main/tokenizer.json "HTTP/1.1 200 OK"
  2026-05-11 18:37:46,518 - httpx - INFO - HTTP Request: GET https://huggingface.co/bert-base-multilingual-cased/resolve/main/tokenizer.json "HTTP/1.1 200 OK"
  2026-05-11 18:37:46,584 - httpx - INFO - HTTP Request: HEAD https://huggingface.co/bert-base-multilingual-cased/resolve/main/added_tokens.json "HTTP/1.1 404 Not Found"
  2026-05-11 18:37:46,601 - httpx - INFO - HTTP Request: HEAD https://huggingface.co/bert-base-multilingual-cased/resolve/main/special_tokens_map.json "HTTP/1.1 404 Not Found"
  2026-05-11 18:37:46,495 - httpx - INFO - HTTP Request: HEAD https://huggingface.co/bert-base-multilingual-cased/resolve/main/tokenizer.json "HTTP/1.1 200 OK"
  2026-05-11 18:37:46,524 - httpx - INFO - HTTP Request: GET https://huggingface.co/bert-base-multilingual-cased/resolve/main/tokenizer.json "HTTP/1.1 200 OK"
  2026-05-11 18:37:46,580 - httpx - INFO - HTTP Request: HEAD https://huggingface.co/bert-base-multilingual-cased/resolve/main/added_tokens.json "HTTP/1.1 404 Not Found"
  2026-05-11 18:37:46,621 - httpx - INFO - HTTP Request: HEAD https://huggingface.co/bert-base-multilingual-cased/resolve/main/chat_template.jinja "HTTP/1.1 404 Not Found"
  2026-05-11 18:37:46,604 - httpx - INFO - HTTP Request: HEAD https://huggingface.co/bert-base-multilingual-cased/resolve/main/special_tokens_map.json "HTTP/1.1 404 Not Found"
  2026-05-11 18:37:46,625 - httpx - INFO - HTTP Request: HEAD https://huggingface.co/bert-base-multilingual-cased/resolve/main/chat_template.jinja "HTTP/1.1 404 Not Found"
  
  
  [1ALoading weights:   0%|          | 0/199 [00:00<?, ?it/s]
  [1ALoading weights: 100%|██████████| 199/199 [00:00<00:00, 2711.81it/s]
  [transformers] [1mBertModel LOAD REPORT[0m from: bert-base-multilingual-cased
  Key                                        | Status     |  |
  -------------------------------------------+------------+--+-
  cls.seq_relationship.bias                  | UNEXPECTED |  |
  cls.predictions.transform.LayerNorm.bias   | UNEXPECTED |  |
  cls.predictions.transform.LayerNorm.weight | UNEXPECTED |  |
  cls.predictions.transform.dense.bias       | UNEXPECTED |  |
  cls.predictions.transform.dense.weight     | UNEXPECTED |  |
  cls.predictions.bias                       | UNEXPECTED |  |
  cls.seq_relationship.weight                | UNEXPECTED |  |
  
  Notes:
  - UNEXPECTED:   can be ignored when loading from different task/architecture; not ok if you expect identical arch.
  2026-05-11 18:37:46,861 - httpx - INFO - HTTP Request: HEAD https://huggingface.co/bert-base-multilingual-cased/resolve/main/tokenizer_config.json "HTTP/1.1 200 OK"
  2026-05-11 18:37:46,879 - httpx - INFO - HTTP Request: GET https://huggingface.co/bert-base-multilingual-cased/resolve/main/tokenizer_config.json "HTTP/1.1 200 OK"
  2026-05-11 18:37:46,900 - httpx - INFO - HTTP Request: GET https://huggingface.co/api/models/bert-base-multilingual-cased/tree/main/additional_chat_templates?recursive=false&expand=false "HTTP/1.1 307 Temporary Redirect"
  2026-05-11 18:37:46,921 - httpx - INFO - HTTP Request: GET https://huggingface.co/api/models/google-bert/bert-base-multilingual-cased/tree/main/additional_chat_templates?recursive=false&expand=false "HTTP/1.1 404 Not Found"
  2026-05-11 18:37:46,933 - httpx - INFO - HTTP Request: GET https://huggingface.co/api/models/bert-base-multilingual-cased "HTTP/1.1 307 Temporary Redirect"
  2026-05-11 18:37:46,932 - httpx - INFO - HTTP Request: GET https://huggingface.co/api/models/bert-base-multilingual-cased "HTTP/1.1 307 Temporary Redirect"
  [1ALoading weights:   0%|          | 0/199 [00:00<?, ?it/s]
  [1ALoading weights: 100%|██████████| 199/199 [00:00<00:00, 3597.72it/s]
  [transformers] [1mBertModel LOAD REPORT[0m from: bert-base-multilingual-cased
  Key                                        | Status     |  |
  -------------------------------------------+------------+--+-
  cls.seq_relationship.weight                | UNEXPECTED |  |
  cls.seq_relationship.bias                  | UNEXPECTED |  |
  cls.predictions.bias                       | UNEXPECTED |  |
  cls.predictions.transform.dense.weight     | UNEXPECTED |  |
  cls.predictions.transform.dense.bias       | UNEXPECTED |  |
  cls.predictions.transform.LayerNorm.weight | UNEXPECTED |  |
  cls.predictions.transform.LayerNorm.bias   | UNEXPECTED |  |
  
  Notes:
  - UNEXPECTED:   can be ignored when loading from different task/architecture; not ok if you expect identical arch.
  2026-05-11 18:37:46,894 - httpx - INFO - HTTP Request: HEAD https://huggingface.co/bert-base-multilingual-cased/resolve/main/tokenizer_config.json "HTTP/1.1 200 OK"
  2026-05-11 18:37:46,927 - httpx - INFO - HTTP Request: GET https://huggingface.co/bert-base-multilingual-cased/resolve/main/tokenizer_config.json "HTTP/1.1 200 OK"
  2026-05-11 18:37:46,953 - httpx - INFO - HTTP Request: GET https://huggingface.co/api/models/google-bert/bert-base-multilingual-cased "HTTP/1.1 200 OK"
  2026-05-11 18:37:46,952 - httpx - INFO - HTTP Request: GET https://huggingface.co/api/models/google-bert/bert-base-multilingual-cased "HTTP/1.1 200 OK"
  2026-05-11 18:37:46,941 - httpx - INFO - HTTP Request: GET https://huggingface.co/api/models/bert-base-multilingual-cased/tree/main?recursive=true&expand=false "HTTP/1.1 307 Temporary Redirect"
  2026-05-11 18:37:46,961 - httpx - INFO - HTTP Request: GET https://huggingface.co/api/models/google-bert/bert-base-multilingual-cased/tree/main?recursive=true&expand=false "HTTP/1.1 200 OK"
  2026-05-11 18:37:46,980 - httpx - INFO - HTTP Request: HEAD https://huggingface.co/bert-base-multilingual-cased/resolve/main/vocab.txt "HTTP/1.1 200 OK"
  2026-05-11 18:37:47,009 - httpx - INFO - HTTP Request: GET https://huggingface.co/bert-base-multilingual-cased/resolve/main/vocab.txt "HTTP/1.1 200 OK"
  2026-05-11 18:37:47,055 - httpx - INFO - HTTP Request: HEAD https://huggingface.co/bert-base-multilingual-cased/resolve/main/tokenizer.json "HTTP/1.1 200 OK"
  2026-05-11 18:37:47,073 - httpx - INFO - HTTP Request: GET https://huggingface.co/bert-base-multilingual-cased/resolve/main/tokenizer.json "HTTP/1.1 200 OK"
  2026-05-11 18:37:46,959 - httpx - INFO - HTTP Request: GET https://huggingface.co/api/models/bert-base-multilingual-cased/tree/main/additional_chat_templates?recursive=false&expand=false "HTTP/1.1 307 Temporary Redirect"
  2026-05-11 18:37:46,989 - httpx - INFO - HTTP Request: GET https://huggingface.co/api/models/google-bert/bert-base-multilingual-cased/tree/main/additional_chat_templates?recursive=false&expand=false "HTTP/1.1 404 Not Found"
  2026-05-11 18:37:47,019 - httpx - INFO - HTTP Request: GET https://huggingface.co/api/models/bert-base-multilingual-cased/tree/main?recursive=true&expand=false "HTTP/1.1 307 Temporary Redirect"
  2026-05-11 18:37:47,054 - httpx - INFO - HTTP Request: GET https://huggingface.co/api/models/google-bert/bert-base-multilingual-cased/tree/main?recursive=true&expand=false "HTTP/1.1 200 OK"
  2026-05-11 18:37:47,085 - httpx - INFO - HTTP Request: HEAD https://huggingface.co/bert-base-multilingual-cased/resolve/main/vocab.txt "HTTP/1.1 200 OK"
  2026-05-11 18:37:47,156 - httpx - INFO - HTTP Request: HEAD https://huggingface.co/bert-base-multilingual-cased/resolve/main/added_tokens.json "HTTP/1.1 404 Not Found"
  2026-05-11 18:37:47,119 - httpx - INFO - HTTP Request: GET https://huggingface.co/bert-base-multilingual-cased/resolve/main/vocab.txt "HTTP/1.1 200 OK"
  2026-05-11 18:37:47,182 - httpx - INFO - HTTP Request: HEAD https://huggingface.co/bert-base-multilingual-cased/resolve/main/tokenizer.json "HTTP/1.1 200 OK"
  2026-05-11 18:37:47,179 - httpx - INFO - HTTP Request: HEAD https://huggingface.co/bert-base-multilingual-cased/resolve/main/special_tokens_map.json "HTTP/1.1 404 Not Found"
  2026-05-11 18:37:47,203 - httpx - INFO - HTTP Request: HEAD https://huggingface.co/bert-base-multilingual-cased/resolve/main/chat_template.jinja "HTTP/1.1 404 Not Found"
  
  2026-05-11 18:37:47,214 - httpx - INFO - HTTP Request: GET https://huggingface.co/bert-base-multilingual-cased/resolve/main/tokenizer.json "HTTP/1.1 200 OK"
  [1ALoading weights:   0%|          | 0/199 [00:00<?, ?it/s]Loading weights: 100%|██████████| 199/199 [00:00<00:00, 3226.08it/s]
  [transformers] [1mBertModel LOAD REPORT[0m from: bert-base-multilingual-cased
  Key                                        | Status     |  |
  -------------------------------------------+------------+--+-
  cls.predictions.transform.LayerNorm.weight | UNEXPECTED |  |
  cls.predictions.bias                       | UNEXPECTED |  |
  cls.predictions.transform.dense.weight     | UNEXPECTED |  |
  cls.predictions.transform.dense.bias       | UNEXPECTED |  |
  cls.seq_relationship.bias                  | UNEXPECTED |  |
  cls.predictions.transform.LayerNorm.bias   | UNEXPECTED |  |
  cls.seq_relationship.weight                | UNEXPECTED |  |
  
  Notes:
  - UNEXPECTED:   can be ignored when loading from different task/architecture; not ok if you expect identical arch.
  2026-05-11 18:37:47,364 - httpx - INFO - HTTP Request: HEAD https://huggingface.co/bert-base-multilingual-cased/resolve/main/tokenizer_config.json "HTTP/1.1 200 OK"
  Warning: You are sending unauthenticated requests to the HF Hub. Please set a HF_TOKEN to enable higher rate limits and faster downloads.
  2026-05-11 18:37:47,364 - huggingface_hub.utils._http - WARNING - Warning: You are sending unauthenticated requests to the HF Hub. Please set a HF_TOKEN to enable higher rate limits and faster downloads.
  2026-05-11 18:37:47,381 - httpx - INFO - HTTP Request: GET https://huggingface.co/bert-base-multilingual-cased/resolve/main/tokenizer_config.json "HTTP/1.1 200 OK"
  2026-05-11 18:37:47,297 - httpx - INFO - HTTP Request: HEAD https://huggingface.co/bert-base-multilingual-cased/resolve/main/added_tokens.json "HTTP/1.1 404 Not Found"
  2026-05-11 18:37:47,335 - httpx - INFO - HTTP Request: HEAD https://huggingface.co/bert-base-multilingual-cased/resolve/main/special_tokens_map.json "HTTP/1.1 404 Not Found"
  2026-05-11 18:37:47,368 - httpx - INFO - HTTP Request: HEAD https://huggingface.co/bert-base-multilingual-cased/resolve/main/chat_template.jinja "HTTP/1.1 404 Not Found"
  2026-05-11 18:37:47,397 - httpx - INFO - HTTP Request: GET https://huggingface.co/api/models/bert-base-multilingual-cased/tree/main/additional_chat_templates?recursive=false&expand=false "HTTP/1.1 307 Temporary Redirect"
  2026-05-11 18:37:47,414 - httpx - INFO - HTTP Request: GET https://huggingface.co/api/models/google-bert/bert-base-multilingual-cased/tree/main/additional_chat_templates?recursive=false&expand=false "HTTP/1.1 404 Not Found"
  2026-05-11 18:37:47,429 - httpx - INFO - HTTP Request: GET https://huggingface.co/api/models/bert-base-multilingual-cased/tree/main?recursive=true&expand=false "HTTP/1.1 307 Temporary Redirect"
  2026-05-11 18:37:47,448 - httpx - INFO - HTTP Request: GET https://huggingface.co/api/models/google-bert/bert-base-multilingual-cased/tree/main?recursive=true&expand=false "HTTP/1.1 200 OK"
  2026-05-11 18:37:47,467 - httpx - INFO - HTTP Request: HEAD https://huggingface.co/bert-base-multilingual-cased/resolve/main/vocab.txt "HTTP/1.1 200 OK"
  2026-05-11 18:37:47,494 - httpx - INFO - HTTP Request: GET https://huggingface.co/bert-base-multilingual-cased/resolve/main/vocab.txt "HTTP/1.1 200 OK"
  2026-05-11 18:37:47,574 - httpx - INFO - HTTP Request: GET https://huggingface.co/api/models/bert-base-multilingual-cased "HTTP/1.1 307 Temporary Redirect"
  2026-05-11 18:37:47,541 - httpx - INFO - HTTP Request: HEAD https://huggingface.co/bert-base-multilingual-cased/resolve/main/tokenizer.json "HTTP/1.1 200 OK"
  2026-05-11 18:37:47,564 - httpx - INFO - HTTP Request: GET https://huggingface.co/bert-base-multilingual-cased/resolve/main/tokenizer.json "HTTP/1.1 200 OK"
  2026-05-11 18:37:47,614 - httpx - INFO - HTTP Request: HEAD https://huggingface.co/bert-base-multilingual-cased/resolve/main/added_tokens.json "HTTP/1.1 404 Not Found"
  2026-05-11 18:37:47,594 - httpx - INFO - HTTP Request: GET https://huggingface.co/api/models/google-bert/bert-base-multilingual-cased "HTTP/1.1 200 OK"
  2026-05-11 18:37:47,676 - httpx - INFO - HTTP Request: HEAD https://huggingface.co/bert-base-multilingual-cased/resolve/main/special_tokens_map.json "HTTP/1.1 404 Not Found"
  2026-05-11 18:37:47,694 - httpx - INFO - HTTP Request: GET https://huggingface.co/api/models/bert-base-multilingual-cased "HTTP/1.1 307 Temporary Redirect"
  2026-05-11 18:37:47,724 - httpx - INFO - HTTP Request: GET https://huggingface.co/api/models/google-bert/bert-base-multilingual-cased "HTTP/1.1 200 OK"
  2026-05-11 18:37:47,721 - httpx - INFO - HTTP Request: HEAD https://huggingface.co/bert-base-multilingual-cased/resolve/main/chat_template.jinja "HTTP/1.1 404 Not Found"
  2026-05-11 18:37:48,121 - httpx - INFO - HTTP Request: GET https://huggingface.co/api/models/bert-base-multilingual-cased "HTTP/1.1 307 Temporary Redirect"
  2026-05-11 18:37:48,140 - httpx - INFO - HTTP Request: GET https://huggingface.co/api/models/google-bert/bert-base-multilingual-cased "HTTP/1.1 200 OK"
  
  
  [1ALoading weights:   0%|          | 0/199 [00:00<?, ?it/s]
  [1ALoading weights: 100%|██████████| 199/199 [00:00<00:00, 3378.29it/s]
  [1ALoading weights:   0%|          | 0/199 [00:00<?, ?it/s]
  [transformers] [1mBertModel LOAD REPORT[0m from: bert-base-multilingual-cased
  Key                                        | Status     |  |
  -------------------------------------------+------------+--+-
  cls.predictions.transform.dense.weight     | UNEXPECTED |  |
  cls.predictions.transform.dense.bias       | UNEXPECTED |  |
  cls.predictions.transform.LayerNorm.bias   | UNEXPECTED |  |
  cls.predictions.bias                       | UNEXPECTED |  |
  cls.seq_relationship.weight                | UNEXPECTED |  |
  cls.seq_relationship.bias                  | UNEXPECTED |  |
  cls.predictions.transform.LayerNorm.weight | UNEXPECTED |  |
  
  Notes:
  - UNEXPECTED:   can be ignored when loading from different task/architecture; not ok if you expect identical arch.
  2026-05-11 18:37:48,781 - httpx - INFO - HTTP Request: HEAD https://huggingface.co/bert-base-multilingual-cased/resolve/main/tokenizer_config.json "HTTP/1.1 200 OK"
  [1ALoading weights: 100%|██████████| 199/199 [00:00<00:00, 3165.66it/s]
  [transformers] [1mBertModel LOAD REPORT[0m from: bert-base-multilingual-cased
  Key                                        | Status     |  |
  -------------------------------------------+------------+--+-
  cls.seq_relationship.bias                  | UNEXPECTED |  |
  cls.predictions.transform.dense.bias       | UNEXPECTED |  |
  cls.predictions.bias                       | UNEXPECTED |  |
  cls.predictions.transform.dense.weight     | UNEXPECTED |  |
  cls.predictions.transform.LayerNorm.bias   | UNEXPECTED |  |
  cls.predictions.transform.LayerNorm.weight | UNEXPECTED |  |
  cls.seq_relationship.weight                | UNEXPECTED |  |
  
  Notes:
  - UNEXPECTED:   can be ignored when loading from different task/architecture; not ok if you expect identical arch.
  2026-05-11 18:37:48,767 - httpx - INFO - HTTP Request: HEAD https://huggingface.co/bert-base-multilingual-cased/resolve/main/tokenizer_config.json "HTTP/1.1 200 OK"
  2026-05-11 18:37:48,800 - httpx - INFO - HTTP Request: GET https://huggingface.co/bert-base-multilingual-cased/resolve/main/tokenizer_config.json "HTTP/1.1 200 OK"
  2026-05-11 18:37:48,812 - httpx - INFO - HTTP Request: GET https://huggingface.co/bert-base-multilingual-cased/resolve/main/tokenizer_config.json "HTTP/1.1 200 OK"
  2026-05-11 18:37:48,834 - httpx - INFO - HTTP Request: GET https://huggingface.co/api/models/bert-base-multilingual-cased/tree/main/additional_chat_templates?recursive=false&expand=false "HTTP/1.1 307 Temporary Redirect"
  2026-05-11 18:37:48,866 - httpx - INFO - HTTP Request: GET https://huggingface.co/api/models/google-bert/bert-base-multilingual-cased/tree/main/additional_chat_templates?recursive=false&expand=false "HTTP/1.1 404 Not Found"
  2026-05-11 18:37:48,860 - httpx - INFO - HTTP Request: GET https://huggingface.co/api/models/bert-base-multilingual-cased/tree/main/additional_chat_templates?recursive=false&expand=false "HTTP/1.1 307 Temporary Redirect"
  2026-05-11 18:37:48,890 - httpx - INFO - HTTP Request: GET https://huggingface.co/api/models/google-bert/bert-base-multilingual-cased/tree/main/additional_chat_templates?recursive=false&expand=false "HTTP/1.1 404 Not Found"
  2026-05-11 18:37:48,921 - httpx - INFO - HTTP Request: GET https://huggingface.co/api/models/bert-base-multilingual-cased/tree/main?recursive=true&expand=false "HTTP/1.1 307 Temporary Redirect"
  2026-05-11 18:37:48,952 - httpx - INFO - HTTP Request: GET https://huggingface.co/api/models/google-bert/bert-base-multilingual-cased/tree/main?recursive=true&expand=false "HTTP/1.1 200 OK"
  2026-05-11 18:37:48,892 - httpx - INFO - HTTP Request: GET https://huggingface.co/api/models/bert-base-multilingual-cased/tree/main?recursive=true&expand=false "HTTP/1.1 307 Temporary Redirect"
  2026-05-11 18:37:48,932 - httpx - INFO - HTTP Request: GET https://huggingface.co/api/models/google-bert/bert-base-multilingual-cased/tree/main?recursive=true&expand=false "HTTP/1.1 200 OK"
  2026-05-11 18:37:48,989 - httpx - INFO - HTTP Request: HEAD https://huggingface.co/bert-base-multilingual-cased/resolve/main/vocab.txt "HTTP/1.1 200 OK"
  2026-05-11 18:37:49,026 - httpx - INFO - HTTP Request: GET https://huggingface.co/bert-base-multilingual-cased/resolve/main/vocab.txt "HTTP/1.1 200 OK"
  2026-05-11 18:37:48,966 - httpx - INFO - HTTP Request: HEAD https://huggingface.co/bert-base-multilingual-cased/resolve/main/vocab.txt "HTTP/1.1 200 OK"
  2026-05-11 18:37:49,002 - httpx - INFO - HTTP Request: GET https://huggingface.co/bert-base-multilingual-cased/resolve/main/vocab.txt "HTTP/1.1 200 OK"
  2026-05-11 18:37:49,092 - httpx - INFO - HTTP Request: HEAD https://huggingface.co/bert-base-multilingual-cased/resolve/main/tokenizer.json "HTTP/1.1 200 OK"
  2026-05-11 18:37:49,142 - httpx - INFO - HTTP Request: GET https://huggingface.co/bert-base-multilingual-cased/resolve/main/tokenizer.json "HTTP/1.1 200 OK"
  2026-05-11 18:37:49,076 - httpx - INFO - HTTP Request: HEAD https://huggingface.co/bert-base-multilingual-cased/resolve/main/tokenizer.json "HTTP/1.1 200 OK"
  2026-05-11 18:37:49,112 - httpx - INFO - HTTP Request: GET https://huggingface.co/bert-base-multilingual-cased/resolve/main/tokenizer.json "HTTP/1.1 200 OK"
  2026-05-11 18:37:49,256 - httpx - INFO - HTTP Request: HEAD https://huggingface.co/bert-base-multilingual-cased/resolve/main/added_tokens.json "HTTP/1.1 404 Not Found"
  2026-05-11 18:37:49,204 - httpx - INFO - HTTP Request: HEAD https://huggingface.co/bert-base-multilingual-cased/resolve/main/added_tokens.json "HTTP/1.1 404 Not Found"
  2026-05-11 18:37:49,240 - httpx - INFO - HTTP Request: HEAD https://huggingface.co/bert-base-multilingual-cased/resolve/main/special_tokens_map.json "HTTP/1.1 404 Not Found"
  2026-05-11 18:37:49,274 - httpx - INFO - HTTP Request: HEAD https://huggingface.co/bert-base-multilingual-cased/resolve/main/chat_template.jinja "HTTP/1.1 404 Not Found"
  2026-05-11 18:37:49,286 - httpx - INFO - HTTP Request: HEAD https://huggingface.co/bert-base-multilingual-cased/resolve/main/special_tokens_map.json "HTTP/1.1 404 Not Found"
  2026-05-11 18:37:49,320 - httpx - INFO - HTTP Request: HEAD https://huggingface.co/bert-base-multilingual-cased/resolve/main/chat_template.jinja "HTTP/1.1 404 Not Found"
  Model loaded.
  2026-05-11 18:37:49,753 - httpx - INFO - HTTP Request: GET https://huggingface.co/api/models/bert-base-multilingual-cased "HTTP/1.1 307 Temporary Redirect"
  2026-05-11 18:37:49,796 - httpx - INFO - HTTP Request: GET https://huggingface.co/api/models/bert-base-multilingual-cased "HTTP/1.1 307 Temporary Redirect"
  2026-05-11 18:37:49,788 - httpx - INFO - HTTP Request: GET https://huggingface.co/api/models/google-bert/bert-base-multilingual-cased "HTTP/1.1 200 OK"
  2026-05-11 18:37:49,831 - httpx - INFO - HTTP Request: GET https://huggingface.co/api/models/google-bert/bert-base-multilingual-cased "HTTP/1.1 200 OK"
  Model loaded.
  Model loaded.
  Model loaded.
  Model loaded.
  Model loaded.
  Model loaded.
  Loaded 551,446 instances.
  2026-05-11 18:38:07,345 - httpx - INFO - HTTP Request: HEAD https://huggingface.co/bert-base-multilingual-cased/resolve/main/tokenizer_config.json "HTTP/1.1 200 OK"
  2026-05-11 18:38:07,361 - httpx - INFO - HTTP Request: GET https://huggingface.co/api/models/bert-base-multilingual-cased/tree/main/additional_chat_templates?recursive=false&expand=false "HTTP/1.1 307 Temporary Redirect"
  2026-05-11 18:38:07,379 - httpx - INFO - HTTP Request: GET https://huggingface.co/api/models/google-bert/bert-base-multilingual-cased/tree/main/additional_chat_templates?recursive=false&expand=false "HTTP/1.1 404 Not Found"
  2026-05-11 18:38:07,401 - httpx - INFO - HTTP Request: GET https://huggingface.co/api/models/bert-base-multilingual-cased/tree/main?recursive=true&expand=false "HTTP/1.1 307 Temporary Redirect"
  2026-05-11 18:38:07,421 - httpx - INFO - HTTP Request: GET https://huggingface.co/api/models/google-bert/bert-base-multilingual-cased/tree/main?recursive=true&expand=false "HTTP/1.1 200 OK"
  2026-05-11 18:38:07,854 - httpx - INFO - HTTP Request: GET https://huggingface.co/api/models/bert-base-multilingual-cased "HTTP/1.1 307 Temporary Redirect"
  2026-05-11 18:38:07,871 - httpx - INFO - HTTP Request: GET https://huggingface.co/api/models/google-bert/bert-base-multilingual-cased "HTTP/1.1 200 OK"
    Tokenized 5,000/551,446 (3828 inst/s | ETA 2.4 min)
  Loaded 818,084 instances.
  2026-05-11 18:38:11,331 - httpx - INFO - HTTP Request: HEAD https://huggingface.co/bert-base-multilingual-cased/resolve/main/tokenizer_config.json "HTTP/1.1 200 OK"
  2026-05-11 18:38:11,347 - httpx - INFO - HTTP Request: GET https://huggingface.co/api/models/bert-base-multilingual-cased/tree/main/additional_chat_templates?recursive=false&expand=false "HTTP/1.1 307 Temporary Redirect"
  2026-05-11 18:38:11,367 - httpx - INFO - HTTP Request: GET https://huggingface.co/api/models/google-bert/bert-base-multilingual-cased/tree/main/additional_chat_templates?recursive=false&expand=false "HTTP/1.1 404 Not Found"
  2026-05-11 18:38:11,384 - httpx - INFO - HTTP Request: GET https://huggingface.co/api/models/bert-base-multilingual-cased/tree/main?recursive=true&expand=false "HTTP/1.1 307 Temporary Redirect"
  2026-05-11 18:38:11,401 - httpx - INFO - HTTP Request: GET https://huggingface.co/api/models/google-bert/bert-base-multilingual-cased/tree/main?recursive=true&expand=false "HTTP/1.1 200 OK"
  2026-05-11 18:38:11,830 - httpx - INFO - HTTP Request: GET https://huggingface.co/api/models/bert-base-multilingual-cased "HTTP/1.1 307 Temporary Redirect"
    Tokenized 10,000/551,446 (2523 inst/s | ETA 3.6 min)
  2026-05-11 18:38:11,849 - httpx - INFO - HTTP Request: GET https://huggingface.co/api/models/google-bert/bert-base-multilingual-cased "HTTP/1.1 200 OK"
    Tokenized 15,000/551,446 (3222 inst/s | ETA 2.8 min)
    Tokenized 20,000/551,446 (3737 inst/s | ETA 2.4 min)
    Tokenized 5,000/818,084 (2929 inst/s | ETA 4.6 min)
    Tokenized 25,000/551,446 (4175 inst/s | ETA 2.1 min)
    Tokenized 30,000/551,446 (4482 inst/s | ETA 1.9 min)
    Tokenized 10,000/818,084 (3086 inst/s | ETA 4.4 min)
    Tokenized 35,000/551,446 (4543 inst/s | ETA 1.9 min)
    Tokenized 15,000/818,084 (3861 inst/s | ETA 3.5 min)
    Tokenized 40,000/551,446 (4725 inst/s | ETA 1.8 min)
    Tokenized 20,000/818,084 (4463 inst/s | ETA 3.0 min)
    Tokenized 25,000/818,084 (4918 inst/s | ETA 2.7 min)
    Tokenized 45,000/551,446 (4887 inst/s | ETA 1.7 min)
    Tokenized 30,000/818,084 (5292 inst/s | ETA 2.5 min)
    Tokenized 50,000/551,446 (5030 inst/s | ETA 1.7 min)
    Tokenized 35,000/818,084 (5596 inst/s | ETA 2.3 min)
    Tokenized 55,000/551,446 (5143 inst/s | ETA 1.6 min)
    Tokenized 40,000/818,084 (5854 inst/s | ETA 2.2 min)
  Loaded 818,084 instances.
  2026-05-11 18:38:18,701 - httpx - INFO - HTTP Request: HEAD https://huggingface.co/bert-base-multilingual-cased/resolve/main/tokenizer_config.json "HTTP/1.1 200 OK"
  2026-05-11 18:38:18,731 - httpx - INFO - HTTP Request: GET https://huggingface.co/api/models/bert-base-multilingual-cased/tree/main/additional_chat_templates?recursive=false&expand=false "HTTP/1.1 307 Temporary Redirect"
  2026-05-11 18:38:18,766 - httpx - INFO - HTTP Request: GET https://huggingface.co/api/models/google-bert/bert-base-multilingual-cased/tree/main/additional_chat_templates?recursive=false&expand=false "HTTP/1.1 404 Not Found"
  2026-05-11 18:38:18,796 - httpx - INFO - HTTP Request: GET https://huggingface.co/api/models/bert-base-multilingual-cased/tree/main?recursive=true&expand=false "HTTP/1.1 307 Temporary Redirect"
  2026-05-11 18:38:18,826 - httpx - INFO - HTTP Request: GET https://huggingface.co/api/models/google-bert/bert-base-multilingual-cased/tree/main?recursive=true&expand=false "HTTP/1.1 200 OK"
  2026-05-11 18:38:19,338 - httpx - INFO - HTTP Request: GET https://huggingface.co/api/models/bert-base-multilingual-cased "HTTP/1.1 307 Temporary Redirect"
    Tokenized 45,000/818,084 (6000 inst/s | ETA 2.1 min)
    Tokenized 60,000/551,446 (5247 inst/s | ETA 1.6 min)
  2026-05-11 18:38:19,372 - httpx - INFO - HTTP Request: GET https://huggingface.co/api/models/google-bert/bert-base-multilingual-cased "HTTP/1.1 200 OK"
    Tokenized 50,000/818,084 (6104 inst/s | ETA 2.1 min)
    Tokenized 65,000/551,446 (5349 inst/s | ETA 1.5 min)
    Tokenized 70,000/551,446 (5411 inst/s | ETA 1.5 min)
    Tokenized 5,000/818,084 (3308 inst/s | ETA 4.1 min)
    Tokenized 10,000/818,084 (3666 inst/s | ETA 3.7 min)
    Tokenized 55,000/818,084 (5026 inst/s | ETA 2.5 min)
    Tokenized 15,000/818,084 (4458 inst/s | ETA 3.0 min)
    Tokenized 75,000/551,446 (4882 inst/s | ETA 1.6 min)
    Tokenized 60,000/818,084 (5203 inst/s | ETA 2.4 min)
    Tokenized 20,000/818,084 (5010 inst/s | ETA 2.7 min)
    Tokenized 65,000/818,084 (5344 inst/s | ETA 2.3 min)
    Tokenized 25,000/818,084 (5346 inst/s | ETA 2.5 min)
    Tokenized 80,000/551,446 (4938 inst/s | ETA 1.6 min)
    Tokenized 70,000/818,084 (5445 inst/s | ETA 2.3 min)
    Tokenized 85,000/551,446 (4991 inst/s | ETA 1.6 min)
    Tokenized 75,000/818,084 (5570 inst/s | ETA 2.2 min)
    Tokenized 90,000/551,446 (5039 inst/s | ETA 1.5 min)
    Tokenized 80,000/818,084 (5675 inst/s | ETA 2.2 min)
    Tokenized 30,000/818,084 (5681 inst/s | ETA 2.3 min)
    Tokenized 35,000/818,084 (5919 inst/s | ETA 2.2 min)
    Tokenized 40,000/818,084 (6124 inst/s | ETA 2.1 min)
    Tokenized 95,000/551,446 (5102 inst/s | ETA 1.5 min)
    Tokenized 85,000/818,084 (5695 inst/s | ETA 2.1 min)
    Tokenized 100,000/551,446 (5152 inst/s | ETA 1.5 min)
    Tokenized 90,000/818,084 (5735 inst/s | ETA 2.1 min)
    Tokenized 105,000/551,446 (5191 inst/s | ETA 1.4 min)
  Loaded 1,369,530 instances.
  2026-05-11 18:38:28,089 - httpx - INFO - HTTP Request: HEAD https://huggingface.co/bert-base-multilingual-cased/resolve/main/tokenizer_config.json "HTTP/1.1 200 OK"
  2026-05-11 18:38:28,124 - httpx - INFO - HTTP Request: GET https://huggingface.co/api/models/bert-base-multilingual-cased/tree/main/additional_chat_templates?recursive=false&expand=false "HTTP/1.1 307 Temporary Redirect"
  2026-05-11 18:38:28,159 - httpx - INFO - HTTP Request: GET https://huggingface.co/api/models/google-bert/bert-base-multilingual-cased/tree/main/additional_chat_templates?recursive=false&expand=false "HTTP/1.1 404 Not Found"
  2026-05-11 18:38:28,187 - httpx - INFO - HTTP Request: GET https://huggingface.co/api/models/bert-base-multilingual-cased/tree/main?recursive=true&expand=false "HTTP/1.1 307 Temporary Redirect"
    Tokenized 95,000/818,084 (5782 inst/s | ETA 2.1 min)
  2026-05-11 18:38:28,218 - httpx - INFO - HTTP Request: GET https://huggingface.co/api/models/google-bert/bert-base-multilingual-cased/tree/main?recursive=true&expand=false "HTTP/1.1 200 OK"
  2026-05-11 18:38:28,626 - httpx - INFO - HTTP Request: GET https://huggingface.co/api/models/bert-base-multilingual-cased "HTTP/1.1 307 Temporary Redirect"
  2026-05-11 18:38:28,659 - httpx - INFO - HTTP Request: GET https://huggingface.co/api/models/google-bert/bert-base-multilingual-cased "HTTP/1.1 200 OK"
  Loaded 1,369,530 instances.
    Tokenized 45,000/818,084 (4713 inst/s | ETA 2.7 min)
  2026-05-11 18:38:28,909 - httpx - INFO - HTTP Request: HEAD https://huggingface.co/bert-base-multilingual-cased/resolve/main/tokenizer_config.json "HTTP/1.1 200 OK"
  2026-05-11 18:38:28,939 - httpx - INFO - HTTP Request: GET https://huggingface.co/api/models/bert-base-multilingual-cased/tree/main/additional_chat_templates?recursive=false&expand=false "HTTP/1.1 307 Temporary Redirect"
    Tokenized 110,000/551,446 (5229 inst/s | ETA 1.4 min)
  2026-05-11 18:38:28,996 - httpx - INFO - HTTP Request: GET https://huggingface.co/api/models/google-bert/bert-base-multilingual-cased/tree/main/additional_chat_templates?recursive=false&expand=false "HTTP/1.1 404 Not Found"
    Tokenized 100,000/818,084 (5812 inst/s | ETA 2.1 min)
  2026-05-11 18:38:29,023 - httpx - INFO - HTTP Request: GET https://huggingface.co/api/models/bert-base-multilingual-cased/tree/main?recursive=true&expand=false "HTTP/1.1 307 Temporary Redirect"
  2026-05-11 18:38:29,057 - httpx - INFO - HTTP Request: GET https://huggingface.co/api/models/google-bert/bert-base-multilingual-cased/tree/main?recursive=true&expand=false "HTTP/1.1 200 OK"
  2026-05-11 18:38:29,464 - httpx - INFO - HTTP Request: GET https://huggingface.co/api/models/bert-base-multilingual-cased "HTTP/1.1 307 Temporary Redirect"
  2026-05-11 18:38:29,502 - httpx - INFO - HTTP Request: GET https://huggingface.co/api/models/google-bert/bert-base-multilingual-cased "HTTP/1.1 200 OK"
    Tokenized 50,000/818,084 (4871 inst/s | ETA 2.6 min)
    Tokenized 115,000/551,446 (5260 inst/s | ETA 1.4 min)
    Tokenized 105,000/818,084 (5835 inst/s | ETA 2.0 min)
    Tokenized 55,000/818,084 (5003 inst/s | ETA 2.5 min)
    Tokenized 120,000/551,446 (5297 inst/s | ETA 1.4 min)
  Loaded 1,369,530 instances.
  2026-05-11 18:38:30,620 - httpx - INFO - HTTP Request: HEAD https://huggingface.co/bert-base-multilingual-cased/resolve/main/tokenizer_config.json "HTTP/1.1 200 OK"
  2026-05-11 18:38:30,636 - httpx - INFO - HTTP Request: GET https://huggingface.co/api/models/bert-base-multilingual-cased/tree/main/additional_chat_templates?recursive=false&expand=false "HTTP/1.1 307 Temporary Redirect"
  2026-05-11 18:38:30,654 - httpx - INFO - HTTP Request: GET https://huggingface.co/api/models/google-bert/bert-base-multilingual-cased/tree/main/additional_chat_templates?recursive=false&expand=false "HTTP/1.1 404 Not Found"
    Tokenized 110,000/818,084 (5824 inst/s | ETA 2.0 min)
  2026-05-11 18:38:30,672 - httpx - INFO - HTTP Request: GET https://huggingface.co/api/models/bert-base-multilingual-cased/tree/main?recursive=true&expand=false "HTTP/1.1 307 Temporary Redirect"
  2026-05-11 18:38:30,693 - httpx - INFO - HTTP Request: GET https://huggingface.co/api/models/google-bert/bert-base-multilingual-cased/tree/main?recursive=true&expand=false "HTTP/1.1 200 OK"
    Tokenized 5,000/1,369,530 (4047 inst/s | ETA 5.6 min)
    Tokenized 5,000/1,369,530 (2237 inst/s | ETA 10.2 min)
    Tokenized 60,000/818,084 (5157 inst/s | ETA 2.5 min)
  2026-05-11 18:38:31,119 - httpx - INFO - HTTP Request: GET https://huggingface.co/api/models/bert-base-multilingual-cased "HTTP/1.1 307 Temporary Redirect"
  2026-05-11 18:38:31,137 - httpx - INFO - HTTP Request: GET https://huggingface.co/api/models/google-bert/bert-base-multilingual-cased "HTTP/1.1 200 OK"
    Tokenized 125,000/551,446 (5338 inst/s | ETA 1.3 min)
    Tokenized 115,000/818,084 (5844 inst/s | ETA 2.0 min)
    Tokenized 65,000/818,084 (5277 inst/s | ETA 2.4 min)
    Tokenized 10,000/1,369,530 (4206 inst/s | ETA 5.4 min)
    Tokenized 130,000/551,446 (5378 inst/s | ETA 1.3 min)
    Tokenized 120,000/818,084 (5876 inst/s | ETA 2.0 min)
    Tokenized 70,000/818,084 (5330 inst/s | ETA 2.3 min)
    Tokenized 15,000/1,369,530 (5022 inst/s | ETA 4.5 min)
    Tokenized 5,000/1,369,530 (3328 inst/s | ETA 6.8 min)
    Tokenized 10,000/1,369,530 (2470 inst/s | ETA 9.2 min)
    Tokenized 135,000/551,446 (5396 inst/s | ETA 1.3 min)
    Tokenized 125,000/818,084 (5908 inst/s | ETA 2.0 min)
    Tokenized 75,000/818,084 (5456 inst/s | ETA 2.3 min)
    Tokenized 20,000/1,369,530 (5563 inst/s | ETA 4.0 min)
  Loaded 1,369,530 instances.
  2026-05-11 18:38:33,287 - httpx - INFO - HTTP Request: HEAD https://huggingface.co/bert-base-multilingual-cased/resolve/main/tokenizer_config.json "HTTP/1.1 200 OK"
  2026-05-11 18:38:33,302 - httpx - INFO - HTTP Request: GET https://huggingface.co/api/models/bert-base-multilingual-cased/tree/main/additional_chat_templates?recursive=false&expand=false "HTTP/1.1 307 Temporary Redirect"
  2026-05-11 18:38:33,319 - httpx - INFO - HTTP Request: GET https://huggingface.co/api/models/google-bert/bert-base-multilingual-cased/tree/main/additional_chat_templates?recursive=false&expand=false "HTTP/1.1 404 Not Found"
    Tokenized 15,000/1,369,530 (3204 inst/s | ETA 7.0 min)
  2026-05-11 18:38:33,334 - httpx - INFO - HTTP Request: GET https://huggingface.co/api/models/bert-base-multilingual-cased/tree/main?recursive=true&expand=false "HTTP/1.1 307 Temporary Redirect"
  2026-05-11 18:38:33,356 - httpx - INFO - HTTP Request: GET https://huggingface.co/api/models/google-bert/bert-base-multilingual-cased/tree/main?recursive=true&expand=false "HTTP/1.1 200 OK"
    Tokenized 80,000/818,084 (5567 inst/s | ETA 2.2 min)
  2026-05-11 18:38:33,766 - httpx - INFO - HTTP Request: GET https://huggingface.co/api/models/bert-base-multilingual-cased "HTTP/1.1 307 Temporary Redirect"
    Tokenized 25,000/1,369,530 (5970 inst/s | ETA 3.8 min)
  2026-05-11 18:38:33,787 - httpx - INFO - HTTP Request: GET https://huggingface.co/api/models/google-bert/bert-base-multilingual-cased "HTTP/1.1 200 OK"
    Tokenized 130,000/818,084 (5923 inst/s | ETA 1.9 min)
    Tokenized 20,000/1,369,530 (3822 inst/s | ETA 5.9 min)
    Tokenized 10,000/1,369,530 (3442 inst/s | ETA 6.6 min)
    Tokenized 30,000/1,369,530 (6287 inst/s | ETA 3.6 min)
    Tokenized 25,000/1,369,530 (4295 inst/s | ETA 5.2 min)
    Tokenized 85,000/818,084 (5588 inst/s | ETA 2.2 min)
    Tokenized 135,000/818,084 (5937 inst/s | ETA 1.9 min)
    Tokenized 15,000/1,369,530 (4286 inst/s | ETA 5.3 min)
    Tokenized 35,000/1,369,530 (6525 inst/s | ETA 3.4 min)
    Tokenized 30,000/1,369,530 (4698 inst/s | ETA 4.8 min)
    Tokenized 20,000/1,369,530 (4911 inst/s | ETA 4.6 min)
    Tokenized 90,000/818,084 (5630 inst/s | ETA 2.2 min)
    Tokenized 140,000/818,084 (5951 inst/s | ETA 1.9 min)
    Tokenized 40,000/1,369,530 (6725 inst/s | ETA 3.3 min)
    Tokenized 140,000/551,446 (5037 inst/s | ETA 1.4 min)
    Tokenized 5,000/1,369,530 (3481 inst/s | ETA 6.5 min)
    Tokenized 35,000/1,369,530 (5011 inst/s | ETA 4.4 min)
    Tokenized 25,000/1,369,530 (5376 inst/s | ETA 4.2 min)
    Tokenized 95,000/818,084 (5676 inst/s | ETA 2.1 min)
    Tokenized 45,000/1,369,530 (6799 inst/s | ETA 3.2 min)
    Tokenized 40,000/1,369,530 (5281 inst/s | ETA 4.2 min)
    Tokenized 145,000/551,446 (5058 inst/s | ETA 1.3 min)
    Tokenized 30,000/1,369,530 (5755 inst/s | ETA 3.9 min)
    Tokenized 10,000/1,369,530 (3525 inst/s | ETA 6.4 min)
    Tokenized 50,000/1,369,530 (6824 inst/s | ETA 3.2 min)
    Tokenized 45,000/1,369,530 (5465 inst/s | ETA 4.0 min)
    Tokenized 100,000/818,084 (5693 inst/s | ETA 2.1 min)
    Tokenized 35,000/1,369,530 (6047 inst/s | ETA 3.7 min)
    Tokenized 15,000/1,369,530 (4361 inst/s | ETA 5.2 min)
    Tokenized 150,000/551,446 (5076 inst/s | ETA 1.3 min)
    Tokenized 50,000/1,369,530 (5614 inst/s | ETA 3.9 min)
    Tokenized 40,000/1,369,530 (6256 inst/s | ETA 3.5 min)
    Tokenized 105,000/818,084 (5713 inst/s | ETA 2.1 min)
    Tokenized 20,000/1,369,530 (4997 inst/s | ETA 4.5 min)
    Tokenized 155,000/551,446 (5096 inst/s | ETA 1.3 min)
    Tokenized 25,000/1,369,530 (5457 inst/s | ETA 4.1 min)
    Tokenized 55,000/1,369,530 (5751 inst/s | ETA 3.8 min)
    Tokenized 45,000/1,369,530 (6358 inst/s | ETA 3.5 min)
    Tokenized 110,000/818,084 (5731 inst/s | ETA 2.1 min)
    Tokenized 145,000/818,084 (5399 inst/s | ETA 2.1 min)
    Tokenized 60,000/1,369,530 (5868 inst/s | ETA 3.7 min)
    Tokenized 50,000/1,369,530 (6453 inst/s | ETA 3.4 min)
    Tokenized 30,000/1,369,530 (5819 inst/s | ETA 3.8 min)
    Tokenized 160,000/551,446 (5122 inst/s | ETA 1.3 min)
    Tokenized 115,000/818,084 (5749 inst/s | ETA 2.0 min)
    Tokenized 35,000/1,369,530 (6119 inst/s | ETA 3.6 min)
    Tokenized 55,000/1,369,530 (6576 inst/s | ETA 3.3 min)
    Tokenized 150,000/818,084 (5421 inst/s | ETA 2.1 min)
    Tokenized 65,000/1,369,530 (5943 inst/s | ETA 3.7 min)
    Tokenized 165,000/551,446 (5147 inst/s | ETA 1.3 min)
    Tokenized 40,000/1,369,530 (6345 inst/s | ETA 3.5 min)
    Tokenized 60,000/1,369,530 (6680 inst/s | ETA 3.3 min)
    Tokenized 120,000/818,084 (5780 inst/s | ETA 2.0 min)
    Tokenized 155,000/818,084 (5447 inst/s | ETA 2.0 min)
    Tokenized 170,000/551,446 (5174 inst/s | ETA 1.2 min)
    Tokenized 45,000/1,369,530 (6447 inst/s | ETA 3.4 min)
    Tokenized 65,000/1,369,530 (6757 inst/s | ETA 3.2 min)
    Tokenized 125,000/818,084 (5824 inst/s | ETA 2.0 min)
    Tokenized 55,000/1,369,530 (4845 inst/s | ETA 4.5 min)
    Tokenized 160,000/818,084 (5477 inst/s | ETA 2.0 min)
    Tokenized 175,000/551,446 (5199 inst/s | ETA 1.2 min)
    Tokenized 50,000/1,369,530 (6517 inst/s | ETA 3.4 min)
    Tokenized 130,000/818,084 (5855 inst/s | ETA 2.0 min)
    Tokenized 60,000/1,369,530 (4990 inst/s | ETA 4.4 min)
    Tokenized 165,000/818,084 (5505 inst/s | ETA 2.0 min)
    Tokenized 65,000/1,369,530 (5142 inst/s | ETA 4.2 min)
    Tokenized 180,000/551,446 (5214 inst/s | ETA 1.2 min)
    Tokenized 170,000/818,084 (5530 inst/s | ETA 2.0 min)
    Tokenized 70,000/1,369,530 (5243 inst/s | ETA 4.1 min)
    Tokenized 185,000/551,446 (5224 inst/s | ETA 1.2 min)
    Tokenized 175,000/818,084 (5560 inst/s | ETA 1.9 min)
    Tokenized 75,000/1,369,530 (5356 inst/s | ETA 4.0 min)
    Tokenized 70,000/1,369,530 (4529 inst/s | ETA 4.8 min)
    Tokenized 190,000/551,446 (5238 inst/s | ETA 1.2 min)
    Tokenized 80,000/1,369,530 (5424 inst/s | ETA 4.0 min)
    Tokenized 180,000/818,084 (5532 inst/s | ETA 1.9 min)
    Tokenized 75,000/1,369,530 (4645 inst/s | ETA 4.6 min)
    Tokenized 135,000/818,084 (5284 inst/s | ETA 2.2 min)
    Tokenized 70,000/1,369,530 (5051 inst/s | ETA 4.3 min)
    Tokenized 195,000/551,446 (5252 inst/s | ETA 1.1 min)
    Tokenized 85,000/1,369,530 (5435 inst/s | ETA 3.9 min)
    Tokenized 80,000/1,369,530 (4744 inst/s | ETA 4.5 min)
    Tokenized 55,000/1,369,530 (4706 inst/s | ETA 4.7 min)
    Tokenized 75,000/1,369,530 (5190 inst/s | ETA 4.2 min)
    Tokenized 185,000/818,084 (5484 inst/s | ETA 1.9 min)
    Tokenized 140,000/818,084 (5315 inst/s | ETA 2.1 min)
    Tokenized 200,000/551,446 (5269 inst/s | ETA 1.1 min)
    Tokenized 90,000/1,369,530 (5441 inst/s | ETA 3.9 min)
    Tokenized 60,000/1,369,530 (4878 inst/s | ETA 4.5 min)
    Tokenized 80,000/1,369,530 (5307 inst/s | ETA 4.0 min)
    Tokenized 85,000/1,369,530 (4786 inst/s | ETA 4.5 min)
    Tokenized 145,000/818,084 (5343 inst/s | ETA 2.1 min)
    Tokenized 190,000/818,084 (5463 inst/s | ETA 1.9 min)
    Tokenized 205,000/551,446 (5277 inst/s | ETA 1.1 min)
    Tokenized 65,000/1,369,530 (5031 inst/s | ETA 4.3 min)
    Tokenized 95,000/1,369,530 (5454 inst/s | ETA 3.9 min)
    Tokenized 85,000/1,369,530 (5361 inst/s | ETA 4.0 min)
    Tokenized 90,000/1,369,530 (4843 inst/s | ETA 4.4 min)
    Tokenized 150,000/818,084 (5364 inst/s | ETA 2.1 min)
    Tokenized 70,000/1,369,530 (5144 inst/s | ETA 4.2 min)
    Tokenized 195,000/818,084 (5467 inst/s | ETA 1.9 min)
    Tokenized 90,000/1,369,530 (5406 inst/s | ETA 3.9 min)
    Tokenized 100,000/1,369,530 (5459 inst/s | ETA 3.9 min)
    Tokenized 75,000/1,369,530 (5277 inst/s | ETA 4.1 min)
    Tokenized 95,000/1,369,530 (4906 inst/s | ETA 4.3 min)
    Tokenized 155,000/818,084 (5392 inst/s | ETA 2.0 min)
    Tokenized 200,000/818,084 (5464 inst/s | ETA 1.9 min)
    Tokenized 95,000/1,369,530 (5466 inst/s | ETA 3.9 min)
    Tokenized 80,000/1,369,530 (5392 inst/s | ETA 4.0 min)
    Tokenized 105,000/1,369,530 (5472 inst/s | ETA 3.9 min)
    Tokenized 100,000/1,369,530 (4956 inst/s | ETA 4.3 min)
    Tokenized 160,000/818,084 (5418 inst/s | ETA 2.0 min)
    Tokenized 100,000/1,369,530 (5508 inst/s | ETA 3.8 min)
    Tokenized 85,000/1,369,530 (5445 inst/s | ETA 3.9 min)
    Tokenized 205,000/818,084 (5434 inst/s | ETA 1.9 min)
    Tokenized 110,000/1,369,530 (5479 inst/s | ETA 3.8 min)
    Tokenized 165,000/818,084 (5450 inst/s | ETA 2.0 min)
    Tokenized 105,000/1,369,530 (4991 inst/s | ETA 4.2 min)
    Tokenized 105,000/1,369,530 (5546 inst/s | ETA 3.8 min)
    Tokenized 90,000/1,369,530 (5475 inst/s | ETA 3.9 min)
    Tokenized 210,000/551,446 (4952 inst/s | ETA 1.1 min)
    Tokenized 170,000/818,084 (5483 inst/s | ETA 2.0 min)
    Tokenized 115,000/1,369,530 (5485 inst/s | ETA 3.8 min)
    Tokenized 110,000/1,369,530 (5032 inst/s | ETA 4.2 min)
    Tokenized 210,000/818,084 (5413 inst/s | ETA 1.9 min)
    Tokenized 110,000/1,369,530 (5588 inst/s | ETA 3.8 min)
    Tokenized 95,000/1,369,530 (5531 inst/s | ETA 3.8 min)
    Tokenized 175,000/818,084 (5519 inst/s | ETA 1.9 min)
    Tokenized 120,000/1,369,530 (5506 inst/s | ETA 3.8 min)
    Tokenized 215,000/551,446 (4946 inst/s | ETA 1.1 min)
    Tokenized 115,000/1,369,530 (5072 inst/s | ETA 4.1 min)
    Tokenized 115,000/1,369,530 (5624 inst/s | ETA 3.7 min)
    Tokenized 215,000/818,084 (5400 inst/s | ETA 1.9 min)
    Tokenized 100,000/1,369,530 (5575 inst/s | ETA 3.8 min)
    Tokenized 180,000/818,084 (5529 inst/s | ETA 1.9 min)
    Tokenized 120,000/1,369,530 (5129 inst/s | ETA 4.1 min)
    Tokenized 125,000/1,369,530 (5533 inst/s | ETA 3.7 min)
    Tokenized 120,000/1,369,530 (5670 inst/s | ETA 3.7 min)
    Tokenized 220,000/551,446 (4944 inst/s | ETA 1.1 min)
    Tokenized 105,000/1,369,530 (5616 inst/s | ETA 3.8 min)
    Tokenized 220,000/818,084 (5404 inst/s | ETA 1.8 min)
    Tokenized 125,000/1,369,530 (5190 inst/s | ETA 4.0 min)
    Tokenized 185,000/818,084 (5513 inst/s | ETA 1.9 min)
    Tokenized 130,000/1,369,530 (5563 inst/s | ETA 3.7 min)
    Tokenized 125,000/1,369,530 (5718 inst/s | ETA 3.6 min)
    Tokenized 110,000/1,369,530 (5655 inst/s | ETA 3.7 min)
    Tokenized 225,000/551,446 (4953 inst/s | ETA 1.1 min)
    Tokenized 225,000/818,084 (5417 inst/s | ETA 1.8 min)
    Tokenized 130,000/1,369,530 (5239 inst/s | ETA 3.9 min)
    Tokenized 130,000/1,369,530 (5756 inst/s | ETA 3.6 min)
    Tokenized 135,000/1,369,530 (5575 inst/s | ETA 3.7 min)
    Tokenized 190,000/818,084 (5500 inst/s | ETA 1.9 min)
    Tokenized 115,000/1,369,530 (5684 inst/s | ETA 3.7 min)
    Tokenized 230,000/551,446 (4976 inst/s | ETA 1.1 min)
    Tokenized 135,000/1,369,530 (5284 inst/s | ETA 3.9 min)
    Tokenized 230,000/818,084 (5405 inst/s | ETA 1.8 min)
    Tokenized 140,000/1,369,530 (5591 inst/s | ETA 3.7 min)
    Tokenized 135,000/1,369,530 (5782 inst/s | ETA 3.6 min)
    Tokenized 120,000/1,369,530 (5723 inst/s | ETA 3.6 min)
    Tokenized 195,000/818,084 (5503 inst/s | ETA 1.9 min)
    Tokenized 235,000/551,446 (4993 inst/s | ETA 1.1 min)
    Tokenized 140,000/1,369,530 (5325 inst/s | ETA 3.8 min)
    Tokenized 140,000/1,369,530 (5804 inst/s | ETA 3.5 min)
    Tokenized 235,000/818,084 (5413 inst/s | ETA 1.8 min)
    Tokenized 145,000/1,369,530 (5608 inst/s | ETA 3.6 min)
    Tokenized 125,000/1,369,530 (5772 inst/s | ETA 3.6 min)
    Tokenized 200,000/818,084 (5515 inst/s | ETA 1.9 min)
    Tokenized 145,000/1,369,530 (5361 inst/s | ETA 3.8 min)
    Tokenized 240,000/551,446 (5013 inst/s | ETA 1.0 min)
    Tokenized 145,000/1,369,530 (5819 inst/s | ETA 3.5 min)
    Tokenized 130,000/1,369,530 (5809 inst/s | ETA 3.6 min)
    Tokenized 150,000/1,369,530 (5617 inst/s | ETA 3.6 min)
    Tokenized 150,000/1,369,530 (5393 inst/s | ETA 3.8 min)
    Tokenized 205,000/818,084 (5518 inst/s | ETA 1.9 min)
    Tokenized 245,000/551,446 (5040 inst/s | ETA 1.0 min)
    Tokenized 135,000/1,369,530 (5841 inst/s | ETA 3.5 min)
    Tokenized 155,000/1,369,530 (5645 inst/s | ETA 3.6 min)
    Tokenized 150,000/1,369,530 (5826 inst/s | ETA 3.5 min)
    Tokenized 155,000/1,369,530 (5428 inst/s | ETA 3.7 min)
    Tokenized 250,000/551,446 (5061 inst/s | ETA 1.0 min)
    Tokenized 210,000/818,084 (5514 inst/s | ETA 1.8 min)
    Tokenized 160,000/1,369,530 (5667 inst/s | ETA 3.6 min)
    Tokenized 140,000/1,369,530 (5866 inst/s | ETA 3.5 min)
    Tokenized 155,000/1,369,530 (5843 inst/s | ETA 3.5 min)
    Tokenized 160,000/1,369,530 (5455 inst/s | ETA 3.7 min)
    Tokenized 255,000/551,446 (5078 inst/s | ETA 1.0 min)
    Tokenized 145,000/1,369,530 (5882 inst/s | ETA 3.5 min)
    Tokenized 215,000/818,084 (5515 inst/s | ETA 1.8 min)
    Tokenized 160,000/1,369,530 (5865 inst/s | ETA 3.4 min)
    Tokenized 165,000/1,369,530 (5676 inst/s | ETA 3.5 min)
    Tokenized 165,000/1,369,530 (5474 inst/s | ETA 3.7 min)
    Tokenized 260,000/551,446 (5089 inst/s | ETA 1.0 min)
    Tokenized 240,000/818,084 (5084 inst/s | ETA 1.9 min)
    Tokenized 165,000/1,369,530 (5886 inst/s | ETA 3.4 min)
    Tokenized 220,000/818,084 (5516 inst/s | ETA 1.8 min)
    Tokenized 150,000/1,369,530 (5897 inst/s | ETA 3.4 min)
    Tokenized 170,000/1,369,530 (5699 inst/s | ETA 3.5 min)
    Tokenized 170,000/1,369,530 (5496 inst/s | ETA 3.6 min)
    Tokenized 265,000/551,446 (5102 inst/s | ETA 0.9 min)
    Tokenized 170,000/1,369,530 (5908 inst/s | ETA 3.4 min)
    Tokenized 245,000/818,084 (5096 inst/s | ETA 1.9 min)
    Tokenized 155,000/1,369,530 (5915 inst/s | ETA 3.4 min)
    Tokenized 175,000/1,369,530 (5725 inst/s | ETA 3.5 min)
    Tokenized 175,000/1,369,530 (5527 inst/s | ETA 3.6 min)
    Tokenized 270,000/551,446 (5124 inst/s | ETA 0.9 min)
    Tokenized 160,000/1,369,530 (5934 inst/s | ETA 3.4 min)
    Tokenized 175,000/1,369,530 (5937 inst/s | ETA 3.4 min)
    Tokenized 250,000/818,084 (5112 inst/s | ETA 1.9 min)
    Tokenized 180,000/1,369,530 (5730 inst/s | ETA 3.5 min)
    Tokenized 275,000/551,446 (5144 inst/s | ETA 0.9 min)
    Tokenized 180,000/1,369,530 (5935 inst/s | ETA 3.3 min)
    Tokenized 165,000/1,369,530 (5956 inst/s | ETA 3.4 min)
    Tokenized 255,000/818,084 (5125 inst/s | ETA 1.8 min)
    Tokenized 180,000/1,369,530 (5453 inst/s | ETA 3.6 min)
    Tokenized 185,000/1,369,530 (5722 inst/s | ETA 3.5 min)
    Tokenized 170,000/1,369,530 (5978 inst/s | ETA 3.3 min)
    Tokenized 260,000/818,084 (5138 inst/s | ETA 1.8 min)
    Tokenized 185,000/1,369,530 (5917 inst/s | ETA 3.3 min)
    Tokenized 190,000/1,369,530 (5715 inst/s | ETA 3.4 min)
    Tokenized 185,000/1,369,530 (5407 inst/s | ETA 3.7 min)
    Tokenized 175,000/1,369,530 (6007 inst/s | ETA 3.3 min)
    Tokenized 265,000/818,084 (5158 inst/s | ETA 1.8 min)
    Tokenized 225,000/818,084 (5144 inst/s | ETA 1.9 min)
    Tokenized 190,000/1,369,530 (5893 inst/s | ETA 3.3 min)
    Tokenized 180,000/1,369,530 (6000 inst/s | ETA 3.3 min)
    Tokenized 230,000/818,084 (5158 inst/s | ETA 1.9 min)
    Tokenized 270,000/818,084 (5166 inst/s | ETA 1.8 min)
    Tokenized 195,000/1,369,530 (5899 inst/s | ETA 3.3 min)
    Tokenized 280,000/551,446 (4946 inst/s | ETA 0.9 min)
    Tokenized 190,000/1,369,530 (5321 inst/s | ETA 3.7 min)
    Tokenized 185,000/1,369,530 (5988 inst/s | ETA 3.3 min)
    Tokenized 235,000/818,084 (5162 inst/s | ETA 1.9 min)
    Tokenized 275,000/818,084 (5180 inst/s | ETA 1.7 min)
    Tokenized 200,000/1,369,530 (5907 inst/s | ETA 3.3 min)
    Tokenized 195,000/1,369,530 (5326 inst/s | ETA 3.7 min)
    Tokenized 285,000/551,446 (4951 inst/s | ETA 0.9 min)
    Tokenized 190,000/1,369,530 (5975 inst/s | ETA 3.3 min)
    Tokenized 280,000/818,084 (5196 inst/s | ETA 1.7 min)
    Tokenized 205,000/1,369,530 (5911 inst/s | ETA 3.3 min)
    Tokenized 240,000/818,084 (5146 inst/s | ETA 1.9 min)
    Tokenized 200,000/1,369,530 (5339 inst/s | ETA 3.7 min)
    Tokenized 290,000/551,446 (4968 inst/s | ETA 0.9 min)
    Tokenized 285,000/818,084 (5213 inst/s | ETA 1.7 min)
    Tokenized 210,000/1,369,530 (5906 inst/s | ETA 3.3 min)
    Tokenized 245,000/818,084 (5146 inst/s | ETA 1.9 min)
    Tokenized 205,000/1,369,530 (5340 inst/s | ETA 3.6 min)
    Tokenized 295,000/551,446 (4979 inst/s | ETA 0.9 min)
    Tokenized 290,000/818,084 (5229 inst/s | ETA 1.7 min)
    Tokenized 250,000/818,084 (5150 inst/s | ETA 1.8 min)
    Tokenized 300,000/551,446 (4993 inst/s | ETA 0.8 min)
    Tokenized 210,000/1,369,530 (5331 inst/s | ETA 3.6 min)
    Tokenized 295,000/818,084 (5245 inst/s | ETA 1.7 min)
    Tokenized 195,000/1,369,530 (5050 inst/s | ETA 3.9 min)
    Tokenized 305,000/551,446 (5012 inst/s | ETA 0.8 min)
    Tokenized 300,000/818,084 (5256 inst/s | ETA 1.6 min)
    Tokenized 255,000/818,084 (5151 inst/s | ETA 1.8 min)
    Tokenized 200,000/1,369,530 (5059 inst/s | ETA 3.9 min)
    Tokenized 310,000/551,446 (5017 inst/s | ETA 0.8 min)
    Tokenized 260,000/818,084 (5161 inst/s | ETA 1.8 min)
    Tokenized 305,000/818,084 (5267 inst/s | ETA 1.6 min)
    Tokenized 205,000/1,369,530 (5069 inst/s | ETA 3.8 min)
    Tokenized 195,000/1,369,530 (5355 inst/s | ETA 3.7 min)
    Tokenized 315,000/551,446 (5025 inst/s | ETA 0.8 min)
    Tokenized 310,000/818,084 (5279 inst/s | ETA 1.6 min)
    Tokenized 265,000/818,084 (5162 inst/s | ETA 1.8 min)
    Tokenized 200,000/1,369,530 (5378 inst/s | ETA 3.6 min)
    Tokenized 210,000/1,369,530 (5064 inst/s | ETA 3.8 min)
    Tokenized 215,000/1,369,530 (5352 inst/s | ETA 3.6 min)
    Tokenized 320,000/551,446 (5043 inst/s | ETA 0.8 min)
    Tokenized 315,000/818,084 (5297 inst/s | ETA 1.6 min)
    Tokenized 270,000/818,084 (5147 inst/s | ETA 1.8 min)
    Tokenized 205,000/1,369,530 (5394 inst/s | ETA 3.6 min)
    Tokenized 215,000/1,369,530 (5070 inst/s | ETA 3.8 min)
    Tokenized 325,000/551,446 (5062 inst/s | ETA 0.7 min)
    Tokenized 320,000/818,084 (5311 inst/s | ETA 1.6 min)
    Tokenized 220,000/1,369,530 (5365 inst/s | ETA 3.6 min)
    Tokenized 210,000/1,369,530 (5396 inst/s | ETA 3.6 min)
    Tokenized 330,000/551,446 (5077 inst/s | ETA 0.7 min)
    Tokenized 225,000/1,369,530 (5387 inst/s | ETA 3.5 min)
    Tokenized 325,000/818,084 (5323 inst/s | ETA 1.5 min)
    Tokenized 220,000/1,369,530 (5079 inst/s | ETA 3.8 min)
    Tokenized 275,000/818,084 (5141 inst/s | ETA 1.8 min)
    Tokenized 215,000/1,369,530 (4818 inst/s | ETA 4.0 min)
    Tokenized 215,000/1,369,530 (5409 inst/s | ETA 3.6 min)
    Tokenized 225,000/1,369,530 (5100 inst/s | ETA 3.7 min)
    Tokenized 330,000/818,084 (5338 inst/s | ETA 1.5 min)
    Tokenized 230,000/1,369,530 (5403 inst/s | ETA 3.5 min)
    Tokenized 335,000/551,446 (5089 inst/s | ETA 0.7 min)
    Tokenized 280,000/818,084 (5140 inst/s | ETA 1.7 min)
    Tokenized 220,000/1,369,530 (4831 inst/s | ETA 4.0 min)
    Tokenized 220,000/1,369,530 (5421 inst/s | ETA 3.5 min)
    Tokenized 230,000/1,369,530 (5115 inst/s | ETA 3.7 min)
    Tokenized 235,000/1,369,530 (5419 inst/s | ETA 3.5 min)
    Tokenized 340,000/551,446 (5100 inst/s | ETA 0.7 min)
    Tokenized 285,000/818,084 (5150 inst/s | ETA 1.7 min)
    Tokenized 225,000/1,369,530 (4849 inst/s | ETA 3.9 min)
    Tokenized 225,000/1,369,530 (5437 inst/s | ETA 3.5 min)
    Tokenized 235,000/1,369,530 (5132 inst/s | ETA 3.7 min)
    Tokenized 240,000/1,369,530 (5434 inst/s | ETA 3.5 min)
    Tokenized 345,000/551,446 (5110 inst/s | ETA 0.7 min)
    Tokenized 290,000/818,084 (5153 inst/s | ETA 1.7 min)
    Tokenized 230,000/1,369,530 (5451 inst/s | ETA 3.5 min)
    Tokenized 245,000/1,369,530 (5448 inst/s | ETA 3.4 min)
    Tokenized 230,000/1,369,530 (4862 inst/s | ETA 3.9 min)
    Tokenized 240,000/1,369,530 (5149 inst/s | ETA 3.7 min)
    Tokenized 295,000/818,084 (5149 inst/s | ETA 1.7 min)
    Tokenized 235,000/1,369,530 (5466 inst/s | ETA 3.5 min)
    Tokenized 235,000/1,369,530 (4873 inst/s | ETA 3.9 min)
    Tokenized 250,000/1,369,530 (5464 inst/s | ETA 3.4 min)
    Tokenized 245,000/1,369,530 (5166 inst/s | ETA 3.6 min)
    Tokenized 335,000/818,084 (5097 inst/s | ETA 1.6 min)
    Tokenized 240,000/1,369,530 (5478 inst/s | ETA 3.4 min)
    Tokenized 300,000/818,084 (5152 inst/s | ETA 1.7 min)
    Tokenized 255,000/1,369,530 (5478 inst/s | ETA 3.4 min)
    Tokenized 250,000/1,369,530 (5184 inst/s | ETA 3.6 min)
    Tokenized 240,000/1,369,530 (4887 inst/s | ETA 3.9 min)
    Tokenized 340,000/818,084 (5113 inst/s | ETA 1.6 min)
    Tokenized 245,000/1,369,530 (5491 inst/s | ETA 3.4 min)
    Tokenized 305,000/818,084 (5155 inst/s | ETA 1.7 min)
    Tokenized 260,000/1,369,530 (5498 inst/s | ETA 3.4 min)
    Tokenized 255,000/1,369,530 (5197 inst/s | ETA 3.6 min)
    Tokenized 245,000/1,369,530 (4899 inst/s | ETA 3.8 min)
    Tokenized 350,000/551,446 (4931 inst/s | ETA 0.7 min)
    Tokenized 345,000/818,084 (5131 inst/s | ETA 1.5 min)
    Tokenized 250,000/1,369,530 (5505 inst/s | ETA 3.4 min)
    Tokenized 265,000/1,369,530 (5516 inst/s | ETA 3.3 min)
    Tokenized 260,000/1,369,530 (5219 inst/s | ETA 3.5 min)
    Tokenized 250,000/1,369,530 (4921 inst/s | ETA 3.8 min)
    Tokenized 310,000/818,084 (5157 inst/s | ETA 1.6 min)
    Tokenized 355,000/551,446 (4940 inst/s | ETA 0.7 min)
    Tokenized 350,000/818,084 (5147 inst/s | ETA 1.5 min)
    Tokenized 270,000/1,369,530 (5528 inst/s | ETA 3.3 min)
    Tokenized 255,000/1,369,530 (5517 inst/s | ETA 3.4 min)
    Tokenized 265,000/1,369,530 (5238 inst/s | ETA 3.5 min)
    Tokenized 255,000/1,369,530 (4945 inst/s | ETA 3.8 min)
    Tokenized 315,000/818,084 (5165 inst/s | ETA 1.6 min)
    Tokenized 360,000/551,446 (4949 inst/s | ETA 0.6 min)
    Tokenized 355,000/818,084 (5155 inst/s | ETA 1.5 min)
    Tokenized 275,000/1,369,530 (5537 inst/s | ETA 3.3 min)
    Tokenized 260,000/1,369,530 (5534 inst/s | ETA 3.3 min)
    Tokenized 260,000/1,369,530 (4971 inst/s | ETA 3.7 min)
    Tokenized 270,000/1,369,530 (5254 inst/s | ETA 3.5 min)
    Tokenized 320,000/818,084 (5176 inst/s | ETA 1.6 min)
    Tokenized 365,000/551,446 (4963 inst/s | ETA 0.6 min)
    Tokenized 360,000/818,084 (5164 inst/s | ETA 1.5 min)
    Tokenized 280,000/1,369,530 (5547 inst/s | ETA 3.3 min)
    Tokenized 265,000/1,369,530 (5547 inst/s | ETA 3.3 min)
    Tokenized 275,000/1,369,530 (5267 inst/s | ETA 3.5 min)
    Tokenized 265,000/1,369,530 (4994 inst/s | ETA 3.7 min)
    Tokenized 370,000/551,446 (4973 inst/s | ETA 0.6 min)
    Tokenized 365,000/818,084 (5174 inst/s | ETA 1.5 min)
    Tokenized 270,000/1,369,530 (5560 inst/s | ETA 3.3 min)
    Tokenized 285,000/1,369,530 (5561 inst/s | ETA 3.3 min)
    Tokenized 270,000/1,369,530 (5012 inst/s | ETA 3.7 min)
    Tokenized 280,000/1,369,530 (5275 inst/s | ETA 3.4 min)
    Tokenized 375,000/551,446 (4986 inst/s | ETA 0.6 min)
    Tokenized 275,000/1,369,530 (5570 inst/s | ETA 3.3 min)
    Tokenized 370,000/818,084 (5192 inst/s | ETA 1.4 min)
    Tokenized 290,000/1,369,530 (5571 inst/s | ETA 3.2 min)
    Tokenized 285,000/1,369,530 (5290 inst/s | ETA 3.4 min)
    Tokenized 275,000/1,369,530 (5018 inst/s | ETA 3.6 min)
    Tokenized 380,000/551,446 (4997 inst/s | ETA 0.6 min)
    Tokenized 375,000/818,084 (5206 inst/s | ETA 1.4 min)
    Tokenized 280,000/1,369,530 (5578 inst/s | ETA 3.3 min)
    Tokenized 295,000/1,369,530 (5584 inst/s | ETA 3.2 min)
    Tokenized 290,000/1,369,530 (5308 inst/s | ETA 3.4 min)
    Tokenized 280,000/1,369,530 (5022 inst/s | ETA 3.6 min)
    Tokenized 285,000/1,369,530 (5591 inst/s | ETA 3.2 min)
    Tokenized 380,000/818,084 (5208 inst/s | ETA 1.4 min)
    Tokenized 385,000/551,446 (5003 inst/s | ETA 0.6 min)
    Tokenized 300,000/1,369,530 (5588 inst/s | ETA 3.2 min)
    Tokenized 295,000/1,369,530 (5324 inst/s | ETA 3.4 min)
    Tokenized 285,000/1,369,530 (5040 inst/s | ETA 3.6 min)
    Tokenized 290,000/1,369,530 (5603 inst/s | ETA 3.2 min)
    Tokenized 390,000/551,446 (5015 inst/s | ETA 0.5 min)
    Tokenized 305,000/1,369,530 (5589 inst/s | ETA 3.2 min)
    Tokenized 385,000/818,084 (5205 inst/s | ETA 1.4 min)
    Tokenized 325,000/818,084 (4888 inst/s | ETA 1.7 min)
    Tokenized 300,000/1,369,530 (5326 inst/s | ETA 3.3 min)
    Tokenized 290,000/1,369,530 (5058 inst/s | ETA 3.6 min)
    Tokenized 295,000/1,369,530 (5615 inst/s | ETA 3.2 min)
    Tokenized 395,000/551,446 (5024 inst/s | ETA 0.5 min)
    Tokenized 310,000/1,369,530 (5592 inst/s | ETA 3.2 min)
    Tokenized 330,000/818,084 (4903 inst/s | ETA 1.7 min)
    Tokenized 390,000/818,084 (5210 inst/s | ETA 1.4 min)
    Tokenized 295,000/1,369,530 (5076 inst/s | ETA 3.5 min)
    Tokenized 305,000/1,369,530 (5328 inst/s | ETA 3.3 min)
    Tokenized 300,000/1,369,530 (5619 inst/s | ETA 3.2 min)
    Tokenized 335,000/818,084 (4927 inst/s | ETA 1.6 min)
    Tokenized 315,000/1,369,530 (5604 inst/s | ETA 3.1 min)
    Tokenized 400,000/551,446 (5029 inst/s | ETA 0.5 min)
    Tokenized 395,000/818,084 (5219 inst/s | ETA 1.4 min)
    Tokenized 300,000/1,369,530 (5087 inst/s | ETA 3.5 min)
    Tokenized 310,000/1,369,530 (5328 inst/s | ETA 3.3 min)
    Tokenized 305,000/1,369,530 (5625 inst/s | ETA 3.2 min)
    Tokenized 320,000/1,369,530 (5615 inst/s | ETA 3.1 min)
    Tokenized 340,000/818,084 (4945 inst/s | ETA 1.6 min)
    Tokenized 405,000/551,446 (5038 inst/s | ETA 0.5 min)
    Tokenized 400,000/818,084 (5227 inst/s | ETA 1.3 min)
    Tokenized 305,000/1,369,530 (5101 inst/s | ETA 3.5 min)
    Tokenized 315,000/1,369,530 (5341 inst/s | ETA 3.3 min)
    Tokenized 310,000/1,369,530 (5635 inst/s | ETA 3.1 min)
    Tokenized 345,000/818,084 (4968 inst/s | ETA 1.6 min)
    Tokenized 325,000/1,369,530 (5625 inst/s | ETA 3.1 min)
    Tokenized 405,000/818,084 (5241 inst/s | ETA 1.3 min)
    Tokenized 410,000/551,446 (5046 inst/s | ETA 0.5 min)
    Tokenized 310,000/1,369,530 (5116 inst/s | ETA 3.5 min)
    Tokenized 320,000/1,369,530 (5353 inst/s | ETA 3.3 min)
    Tokenized 315,000/1,369,530 (5649 inst/s | ETA 3.1 min)
    Tokenized 410,000/818,084 (5263 inst/s | ETA 1.3 min)
    Tokenized 350,000/818,084 (4975 inst/s | ETA 1.6 min)
    Tokenized 330,000/1,369,530 (5632 inst/s | ETA 3.1 min)
    Tokenized 315,000/1,369,530 (5138 inst/s | ETA 3.4 min)
    Tokenized 415,000/551,446 (5053 inst/s | ETA 0.5 min)
    Tokenized 325,000/1,369,530 (5361 inst/s | ETA 3.2 min)
    Tokenized 320,000/1,369,530 (5658 inst/s | ETA 3.1 min)
    Tokenized 415,000/818,084 (5279 inst/s | ETA 1.3 min)
    Tokenized 320,000/1,369,530 (5157 inst/s | ETA 3.4 min)
    Tokenized 420,000/551,446 (5061 inst/s | ETA 0.4 min)
    Tokenized 355,000/818,084 (4964 inst/s | ETA 1.6 min)
    Tokenized 330,000/1,369,530 (5374 inst/s | ETA 3.2 min)
    Tokenized 335,000/1,369,530 (5654 inst/s | ETA 3.0 min)
    Tokenized 325,000/1,369,530 (5657 inst/s | ETA 3.1 min)
    Tokenized 340,000/1,369,530 (5659 inst/s | ETA 3.0 min)
    Tokenized 325,000/1,369,530 (5175 inst/s | ETA 3.4 min)
    Tokenized 420,000/818,084 (5273 inst/s | ETA 1.3 min)
    Tokenized 335,000/1,369,530 (5392 inst/s | ETA 3.2 min)
    Tokenized 425,000/551,446 (5070 inst/s | ETA 0.4 min)
    Tokenized 360,000/818,084 (4974 inst/s | ETA 1.5 min)
    Tokenized 345,000/1,369,530 (5672 inst/s | ETA 3.0 min)
    Tokenized 330,000/1,369,530 (5663 inst/s | ETA 3.1 min)
    Tokenized 330,000/1,369,530 (5193 inst/s | ETA 3.3 min)
    Tokenized 340,000/1,369,530 (5404 inst/s | ETA 3.2 min)
    Tokenized 425,000/818,084 (5269 inst/s | ETA 1.2 min)
    Tokenized 365,000/818,084 (4986 inst/s | ETA 1.5 min)
    Tokenized 350,000/1,369,530 (5682 inst/s | ETA 3.0 min)
    Tokenized 335,000/1,369,530 (5678 inst/s | ETA 3.0 min)
    Tokenized 335,000/1,369,530 (5220 inst/s | ETA 3.3 min)
    Tokenized 370,000/818,084 (5004 inst/s | ETA 1.5 min)
    Tokenized 430,000/818,084 (5270 inst/s | ETA 1.2 min)
    Tokenized 340,000/1,369,530 (5238 inst/s | ETA 3.3 min)
    Tokenized 355,000/1,369,530 (5679 inst/s | ETA 3.0 min)
    Tokenized 340,000/1,369,530 (5672 inst/s | ETA 3.0 min)
    Tokenized 375,000/818,084 (5018 inst/s | ETA 1.5 min)
    Tokenized 345,000/1,369,530 (5263 inst/s | ETA 3.2 min)
    Tokenized 350,000/1,369,530 (5282 inst/s | ETA 3.2 min)
    Tokenized 380,000/818,084 (5022 inst/s | ETA 1.5 min)
    Tokenized 430,000/551,446 (4920 inst/s | ETA 0.4 min)
    Tokenized 355,000/1,369,530 (5291 inst/s | ETA 3.2 min)
    Tokenized 385,000/818,084 (5027 inst/s | ETA 1.4 min)
    Tokenized 435,000/551,446 (4925 inst/s | ETA 0.4 min)
    Tokenized 390,000/818,084 (5035 inst/s | ETA 1.4 min)
    Tokenized 440,000/551,446 (4930 inst/s | ETA 0.4 min)
    Tokenized 435,000/818,084 (5065 inst/s | ETA 1.3 min)
    Tokenized 345,000/1,369,530 (5063 inst/s | ETA 3.4 min)
    Tokenized 395,000/818,084 (5050 inst/s | ETA 1.4 min)
    Tokenized 445,000/551,446 (4943 inst/s | ETA 0.4 min)
    Tokenized 440,000/818,084 (5083 inst/s | ETA 1.2 min)
    Tokenized 400,000/818,084 (5061 inst/s | ETA 1.4 min)
    Tokenized 350,000/1,369,530 (5081 inst/s | ETA 3.3 min)
    Tokenized 450,000/551,446 (4951 inst/s | ETA 0.3 min)
    Tokenized 345,000/1,369,530 (5306 inst/s | ETA 3.2 min)
    Tokenized 360,000/1,369,530 (5305 inst/s | ETA 3.2 min)
    Tokenized 445,000/818,084 (5099 inst/s | ETA 1.2 min)
    Tokenized 355,000/1,369,530 (5089 inst/s | ETA 3.3 min)
    Tokenized 405,000/818,084 (5067 inst/s | ETA 1.4 min)
    Tokenized 350,000/1,369,530 (5320 inst/s | ETA 3.2 min)
    Tokenized 455,000/551,446 (4957 inst/s | ETA 0.3 min)
    Tokenized 365,000/1,369,530 (5312 inst/s | ETA 3.2 min)
    Tokenized 410,000/818,084 (5090 inst/s | ETA 1.3 min)
    Tokenized 450,000/818,084 (5109 inst/s | ETA 1.2 min)
    Tokenized 360,000/1,369,530 (5103 inst/s | ETA 3.3 min)
    Tokenized 355,000/1,369,530 (5324 inst/s | ETA 3.2 min)
    Tokenized 460,000/551,446 (4967 inst/s | ETA 0.3 min)
    Tokenized 415,000/818,084 (5104 inst/s | ETA 1.3 min)
    Tokenized 455,000/818,084 (5115 inst/s | ETA 1.2 min)
    Tokenized 370,000/1,369,530 (5328 inst/s | ETA 3.1 min)
    Tokenized 365,000/1,369,530 (5115 inst/s | ETA 3.3 min)
    Tokenized 360,000/1,369,530 (4981 inst/s | ETA 3.4 min)
    Tokenized 465,000/551,446 (4974 inst/s | ETA 0.3 min)
    Tokenized 360,000/1,369,530 (5332 inst/s | ETA 3.2 min)
    Tokenized 420,000/818,084 (5109 inst/s | ETA 1.3 min)
    Tokenized 370,000/1,369,530 (5137 inst/s | ETA 3.2 min)
    Tokenized 375,000/1,369,530 (5334 inst/s | ETA 3.1 min)
    Tokenized 460,000/818,084 (5120 inst/s | ETA 1.2 min)
    Tokenized 365,000/1,369,530 (4994 inst/s | ETA 3.4 min)
    Tokenized 365,000/1,369,530 (5340 inst/s | ETA 3.1 min)
    Tokenized 470,000/551,446 (4982 inst/s | ETA 0.3 min)
    Tokenized 375,000/1,369,530 (5150 inst/s | ETA 3.2 min)
    Tokenized 380,000/1,369,530 (5335 inst/s | ETA 3.1 min)
    Tokenized 370,000/1,369,530 (5016 inst/s | ETA 3.3 min)
    Tokenized 465,000/818,084 (5127 inst/s | ETA 1.1 min)
    Tokenized 370,000/1,369,530 (5360 inst/s | ETA 3.1 min)
    Tokenized 475,000/551,446 (4988 inst/s | ETA 0.3 min)
    Tokenized 375,000/1,369,530 (5031 inst/s | ETA 3.3 min)
    Tokenized 380,000/1,369,530 (5155 inst/s | ETA 3.2 min)
    Tokenized 470,000/818,084 (5144 inst/s | ETA 1.1 min)
    Tokenized 385,000/1,369,530 (5333 inst/s | ETA 3.1 min)
    Tokenized 375,000/1,369,530 (5371 inst/s | ETA 3.1 min)
    Tokenized 480,000/551,446 (4998 inst/s | ETA 0.2 min)
    Tokenized 475,000/818,084 (5159 inst/s | ETA 1.1 min)
    Tokenized 380,000/1,369,530 (5038 inst/s | ETA 3.3 min)
    Tokenized 385,000/1,369,530 (5161 inst/s | ETA 3.2 min)
    Tokenized 390,000/1,369,530 (5339 inst/s | ETA 3.1 min)
    Tokenized 380,000/1,369,530 (5371 inst/s | ETA 3.1 min)
    Tokenized 485,000/551,446 (5010 inst/s | ETA 0.2 min)
    Tokenized 480,000/818,084 (5163 inst/s | ETA 1.1 min)
    Tokenized 390,000/1,369,530 (5170 inst/s | ETA 3.2 min)
    Tokenized 395,000/1,369,530 (5349 inst/s | ETA 3.0 min)
    Tokenized 385,000/1,369,530 (5046 inst/s | ETA 3.3 min)
    Tokenized 385,000/1,369,530 (5371 inst/s | ETA 3.1 min)
    Tokenized 490,000/551,446 (5019 inst/s | ETA 0.2 min)
    Tokenized 390,000/1,369,530 (5060 inst/s | ETA 3.2 min)
    Tokenized 485,000/818,084 (5165 inst/s | ETA 1.1 min)
    Tokenized 400,000/1,369,530 (5358 inst/s | ETA 3.0 min)
    Tokenized 395,000/1,369,530 (5181 inst/s | ETA 3.1 min)
    Tokenized 495,000/551,446 (5026 inst/s | ETA 0.2 min)
    Tokenized 390,000/1,369,530 (5373 inst/s | ETA 3.0 min)
    Tokenized 425,000/818,084 (4884 inst/s | ETA 1.3 min)
    Tokenized 490,000/818,084 (5173 inst/s | ETA 1.1 min)
    Tokenized 405,000/1,369,530 (5374 inst/s | ETA 3.0 min)
    Tokenized 400,000/1,369,530 (5191 inst/s | ETA 3.1 min)
    Tokenized 395,000/1,369,530 (5075 inst/s | ETA 3.2 min)
    Tokenized 410,000/1,369,530 (5398 inst/s | ETA 3.0 min)
    Tokenized 395,000/1,369,530 (5382 inst/s | ETA 3.0 min)
    Tokenized 500,000/551,446 (5032 inst/s | ETA 0.2 min)
    Tokenized 430,000/818,084 (4895 inst/s | ETA 1.3 min)
    Tokenized 400,000/1,369,530 (5089 inst/s | ETA 3.2 min)
    Tokenized 495,000/818,084 (5181 inst/s | ETA 1.0 min)
    Tokenized 405,000/1,369,530 (5207 inst/s | ETA 3.1 min)
    Tokenized 415,000/1,369,530 (5418 inst/s | ETA 2.9 min)
    Tokenized 405,000/1,369,530 (5109 inst/s | ETA 3.1 min)
    Tokenized 435,000/818,084 (4913 inst/s | ETA 1.3 min)
    Tokenized 410,000/1,369,530 (5226 inst/s | ETA 3.1 min)
    Tokenized 500,000/818,084 (5191 inst/s | ETA 1.0 min)
    Tokenized 400,000/1,369,530 (5384 inst/s | ETA 3.0 min)
    Tokenized 410,000/1,369,530 (5134 inst/s | ETA 3.1 min)
    Tokenized 420,000/1,369,530 (5424 inst/s | ETA 2.9 min)
    Tokenized 440,000/818,084 (4932 inst/s | ETA 1.3 min)
    Tokenized 415,000/1,369,530 (5245 inst/s | ETA 3.0 min)
    Tokenized 405,000/1,369,530 (5396 inst/s | ETA 3.0 min)
    Tokenized 505,000/818,084 (5203 inst/s | ETA 1.0 min)
    Tokenized 415,000/1,369,530 (5157 inst/s | ETA 3.1 min)
    Tokenized 445,000/818,084 (4947 inst/s | ETA 1.3 min)
    Tokenized 410,000/1,369,530 (5417 inst/s | ETA 3.0 min)
    Tokenized 420,000/1,369,530 (5249 inst/s | ETA 3.0 min)
    Tokenized 425,000/1,369,530 (5425 inst/s | ETA 2.9 min)
    Tokenized 510,000/818,084 (5213 inst/s | ETA 1.0 min)
    Tokenized 420,000/1,369,530 (5164 inst/s | ETA 3.1 min)
    Tokenized 415,000/1,369,530 (5433 inst/s | ETA 2.9 min)
    Tokenized 450,000/818,084 (4959 inst/s | ETA 1.2 min)
    Tokenized 430,000/1,369,530 (5434 inst/s | ETA 2.9 min)
    Tokenized 515,000/818,084 (5225 inst/s | ETA 1.0 min)
    Tokenized 425,000/1,369,530 (5254 inst/s | ETA 3.0 min)
    Tokenized 425,000/1,369,530 (5172 inst/s | ETA 3.0 min)
    Tokenized 435,000/1,369,530 (5449 inst/s | ETA 2.9 min)
    Tokenized 455,000/818,084 (4966 inst/s | ETA 1.2 min)
    Tokenized 520,000/818,084 (5235 inst/s | ETA 0.9 min)
    Tokenized 420,000/1,369,530 (5426 inst/s | ETA 2.9 min)
    Tokenized 430,000/1,369,530 (5262 inst/s | ETA 3.0 min)
    Tokenized 505,000/551,446 (4884 inst/s | ETA 0.2 min)
    Tokenized 430,000/1,369,530 (5183 inst/s | ETA 3.0 min)
    Tokenized 440,000/1,369,530 (5469 inst/s | ETA 2.8 min)
    Tokenized 525,000/818,084 (5243 inst/s | ETA 0.9 min)
    Tokenized 460,000/818,084 (4967 inst/s | ETA 1.2 min)
    Tokenized 435,000/1,369,530 (5277 inst/s | ETA 3.0 min)
    Tokenized 510,000/551,446 (4890 inst/s | ETA 0.1 min)
    Tokenized 425,000/1,369,530 (5417 inst/s | ETA 2.9 min)
    Tokenized 445,000/1,369,530 (5483 inst/s | ETA 2.8 min)
    Tokenized 435,000/1,369,530 (5200 inst/s | ETA 3.0 min)
    Tokenized 440,000/1,369,530 (5294 inst/s | ETA 2.9 min)
    Tokenized 530,000/818,084 (5249 inst/s | ETA 0.9 min)
    Tokenized 465,000/818,084 (4966 inst/s | ETA 1.2 min)
    Tokenized 440,000/1,369,530 (5220 inst/s | ETA 3.0 min)
    Tokenized 450,000/1,369,530 (5490 inst/s | ETA 2.8 min)
    Tokenized 515,000/551,446 (4895 inst/s | ETA 0.1 min)
    Tokenized 430,000/1,369,530 (5420 inst/s | ETA 2.9 min)
    Tokenized 445,000/1,369,530 (5300 inst/s | ETA 2.9 min)
    Tokenized 445,000/1,369,530 (5237 inst/s | ETA 2.9 min)
    Tokenized 535,000/818,084 (5253 inst/s | ETA 0.9 min)
    Tokenized 470,000/818,084 (4975 inst/s | ETA 1.2 min)
    Tokenized 435,000/1,369,530 (5432 inst/s | ETA 2.9 min)
    Tokenized 520,000/551,446 (4903 inst/s | ETA 0.1 min)
    Tokenized 455,000/1,369,530 (5492 inst/s | ETA 2.8 min)
    Tokenized 450,000/1,369,530 (5299 inst/s | ETA 2.9 min)
    Tokenized 450,000/1,369,530 (5248 inst/s | ETA 2.9 min)
    Tokenized 475,000/818,084 (4986 inst/s | ETA 1.1 min)
    Tokenized 440,000/1,369,530 (5448 inst/s | ETA 2.8 min)
    Tokenized 525,000/551,446 (4913 inst/s | ETA 0.1 min)
    Tokenized 460,000/1,369,530 (5493 inst/s | ETA 2.8 min)
    Tokenized 455,000/1,369,530 (5255 inst/s | ETA 2.9 min)
    Tokenized 445,000/1,369,530 (5457 inst/s | ETA 2.8 min)
    Tokenized 455,000/1,369,530 (5296 inst/s | ETA 2.9 min)
    Tokenized 480,000/818,084 (4986 inst/s | ETA 1.1 min)
    Tokenized 465,000/1,369,530 (5499 inst/s | ETA 2.7 min)
    Tokenized 530,000/551,446 (4918 inst/s | ETA 0.1 min)
    Tokenized 460,000/1,369,530 (5259 inst/s | ETA 2.9 min)
    Tokenized 450,000/1,369,530 (5459 inst/s | ETA 2.8 min)
    Tokenized 460,000/1,369,530 (5296 inst/s | ETA 2.9 min)
    Tokenized 470,000/1,369,530 (5512 inst/s | ETA 2.7 min)
    Tokenized 535,000/551,446 (4923 inst/s | ETA 0.1 min)
    Tokenized 485,000/818,084 (4989 inst/s | ETA 1.1 min)
    Tokenized 465,000/1,369,530 (5266 inst/s | ETA 2.9 min)
    Tokenized 455,000/1,369,530 (5459 inst/s | ETA 2.8 min)
    Tokenized 475,000/1,369,530 (5525 inst/s | ETA 2.7 min)
    Tokenized 540,000/551,446 (4934 inst/s | ETA 0.0 min)
    Tokenized 465,000/1,369,530 (5293 inst/s | ETA 2.8 min)
    Tokenized 490,000/818,084 (4995 inst/s | ETA 1.1 min)
    Tokenized 470,000/1,369,530 (5281 inst/s | ETA 2.8 min)
    Tokenized 480,000/1,369,530 (5529 inst/s | ETA 2.7 min)
    Tokenized 545,000/551,446 (4945 inst/s | ETA 0.0 min)
    Tokenized 460,000/1,369,530 (5456 inst/s | ETA 2.8 min)
    Tokenized 470,000/1,369,530 (5299 inst/s | ETA 2.8 min)
    Tokenized 475,000/1,369,530 (5295 inst/s | ETA 2.8 min)
    Tokenized 495,000/818,084 (4998 inst/s | ETA 1.1 min)
    Tokenized 540,000/818,084 (5061 inst/s | ETA 0.9 min)
    Tokenized 485,000/1,369,530 (5529 inst/s | ETA 2.7 min)
    Tokenized 465,000/1,369,530 (5456 inst/s | ETA 2.8 min)
    Tokenized 550,000/551,446 (4949 inst/s | ETA 0.0 min)
    Tokenized 475,000/1,369,530 (5305 inst/s | ETA 2.8 min)
    Tokenized 480,000/1,369,530 (5301 inst/s | ETA 2.8 min)
    Tokenized 545,000/818,084 (5069 inst/s | ETA 0.9 min)
    Tokenized 551,446/551,446 (4945 inst/s | ETA 0.0 min)
    Tokenized 500,000/818,084 (4999 inst/s | ETA 1.1 min)
    Tokenized 490,000/1,369,530 (5536 inst/s | ETA 2.6 min)
    Tokenized 470,000/1,369,530 (5469 inst/s | ETA 2.7 min)
    Tokenized 480,000/1,369,530 (5300 inst/s | ETA 2.8 min)
    Tokenized 550,000/818,084 (5078 inst/s | ETA 0.9 min)
    Tokenized 485,000/1,369,530 (5301 inst/s | ETA 2.8 min)
    Tokenized 505,000/818,084 (5004 inst/s | ETA 1.0 min)
    Tokenized 475,000/1,369,530 (5479 inst/s | ETA 2.7 min)
    Tokenized 495,000/1,369,530 (5540 inst/s | ETA 2.6 min)
    Tokenized 555,000/818,084 (5084 inst/s | ETA 0.9 min)
    Tokenized 490,000/1,369,530 (5303 inst/s | ETA 2.8 min)
    Tokenized 485,000/1,369,530 (5292 inst/s | ETA 2.8 min)
    Tokenized 510,000/818,084 (5006 inst/s | ETA 1.0 min)
    Tokenized 500,000/1,369,530 (5547 inst/s | ETA 2.6 min)
    Tokenized 480,000/1,369,530 (5482 inst/s | ETA 2.7 min)
    Tokenized 560,000/818,084 (5091 inst/s | ETA 0.8 min)
    Tokenized 495,000/1,369,530 (5310 inst/s | ETA 2.7 min)
    Tokenized 505,000/1,369,530 (5557 inst/s | ETA 2.6 min)
    Tokenized 515,000/818,084 (5011 inst/s | ETA 1.0 min)
    Tokenized 490,000/1,369,530 (5290 inst/s | ETA 2.8 min)
    Tokenized 485,000/1,369,530 (5485 inst/s | ETA 2.7 min)
    Tokenized 565,000/818,084 (5097 inst/s | ETA 0.8 min)
    Tokenized 500,000/1,369,530 (5320 inst/s | ETA 2.7 min)
    Tokenized 510,000/1,369,530 (5565 inst/s | ETA 2.6 min)
    Tokenized 520,000/818,084 (5019 inst/s | ETA 1.0 min)
    Tokenized 490,000/1,369,530 (5491 inst/s | ETA 2.7 min)
    Tokenized 495,000/1,369,530 (5291 inst/s | ETA 2.8 min)
    Tokenized 505,000/1,369,530 (5332 inst/s | ETA 2.7 min)
    Tokenized 570,000/818,084 (5103 inst/s | ETA 0.8 min)
    Tokenized 495,000/1,369,530 (5497 inst/s | ETA 2.7 min)
    Tokenized 510,000/1,369,530 (5343 inst/s | ETA 2.7 min)
    Tokenized 575,000/818,084 (5106 inst/s | ETA 0.8 min)
    Tokenized 580,000/818,084 (5112 inst/s | ETA 0.8 min)
    Tokenized 585,000/818,084 (5119 inst/s | ETA 0.8 min)
    Tokenized 590,000/818,084 (5126 inst/s | ETA 0.7 min)
    Tokenized 595,000/818,084 (5130 inst/s | ETA 0.7 min)
    Tokenized 600,000/818,084 (5137 inst/s | ETA 0.7 min)
    Tokenized 515,000/1,369,530 (5277 inst/s | ETA 2.7 min)
    Tokenized 520,000/1,369,530 (5286 inst/s | ETA 2.7 min)
    Tokenized 605,000/818,084 (5145 inst/s | ETA 0.7 min)
    Tokenized 500,000/1,369,530 (5222 inst/s | ETA 2.8 min)
    Tokenized 525,000/818,084 (4752 inst/s | ETA 1.0 min)
    Tokenized 515,000/1,369,530 (5090 inst/s | ETA 2.8 min)
    Tokenized 505,000/1,369,530 (5234 inst/s | ETA 2.8 min)
    Tokenized 610,000/818,084 (5150 inst/s | ETA 0.7 min)
    Tokenized 525,000/1,369,530 (5293 inst/s | ETA 2.7 min)
    Tokenized 520,000/1,369,530 (5103 inst/s | ETA 2.8 min)
    Tokenized 530,000/818,084 (4760 inst/s | ETA 1.0 min)
    Tokenized 615,000/818,084 (5156 inst/s | ETA 0.7 min)
    Tokenized 510,000/1,369,530 (5241 inst/s | ETA 2.7 min)
    Tokenized 530,000/1,369,530 (5297 inst/s | ETA 2.6 min)
    Tokenized 500,000/1,369,530 (4911 inst/s | ETA 3.0 min)
    Tokenized 525,000/1,369,530 (5114 inst/s | ETA 2.8 min)
    Tokenized 535,000/818,084 (4765 inst/s | ETA 1.0 min)
    Tokenized 620,000/818,084 (5170 inst/s | ETA 0.6 min)
    Tokenized 515,000/1,369,530 (5253 inst/s | ETA 2.7 min)
    Tokenized 535,000/1,369,530 (5301 inst/s | ETA 2.6 min)
    Tokenized 530,000/1,369,530 (5123 inst/s | ETA 2.7 min)
    Tokenized 505,000/1,369,530 (4921 inst/s | ETA 2.9 min)
    Tokenized 625,000/818,084 (5177 inst/s | ETA 0.6 min)
    Tokenized 520,000/1,369,530 (5263 inst/s | ETA 2.7 min)
    Tokenized 540,000/818,084 (4766 inst/s | ETA 1.0 min)
    Tokenized 510,000/1,369,530 (4930 inst/s | ETA 2.9 min)
    Tokenized 540,000/1,369,530 (5305 inst/s | ETA 2.6 min)
    Tokenized 535,000/1,369,530 (5131 inst/s | ETA 2.7 min)
    Tokenized 525,000/1,369,530 (5271 inst/s | ETA 2.7 min)
    Tokenized 630,000/818,084 (5176 inst/s | ETA 0.6 min)
    Tokenized 545,000/818,084 (4769 inst/s | ETA 1.0 min)
    Tokenized 540,000/1,369,530 (5136 inst/s | ETA 2.7 min)
    Tokenized 545,000/1,369,530 (5311 inst/s | ETA 2.6 min)
    Tokenized 515,000/1,369,530 (4941 inst/s | ETA 2.9 min)
    Tokenized 530,000/1,369,530 (5277 inst/s | ETA 2.7 min)
    Tokenized 520,000/1,369,530 (4952 inst/s | ETA 2.9 min)
    Tokenized 635,000/818,084 (5180 inst/s | ETA 0.6 min)
    Tokenized 550,000/818,084 (4775 inst/s | ETA 0.9 min)
    Tokenized 545,000/1,369,530 (5145 inst/s | ETA 2.7 min)
    Tokenized 550,000/1,369,530 (5318 inst/s | ETA 2.6 min)
    Tokenized 535,000/1,369,530 (5283 inst/s | ETA 2.6 min)
    Tokenized 640,000/818,084 (5189 inst/s | ETA 0.6 min)
    Tokenized 525,000/1,369,530 (4960 inst/s | ETA 2.8 min)
    Tokenized 550,000/1,369,530 (5155 inst/s | ETA 2.6 min)
    Tokenized 555,000/818,084 (4780 inst/s | ETA 0.9 min)
    Tokenized 555,000/1,369,530 (5321 inst/s | ETA 2.6 min)
    Tokenized 645,000/818,084 (5202 inst/s | ETA 0.6 min)
    Tokenized 540,000/1,369,530 (5286 inst/s | ETA 2.6 min)
    Tokenized 555,000/1,369,530 (5162 inst/s | ETA 2.6 min)
    Tokenized 560,000/1,369,530 (5326 inst/s | ETA 2.5 min)
    Tokenized 530,000/1,369,530 (4968 inst/s | ETA 2.8 min)
    Tokenized 560,000/818,084 (4785 inst/s | ETA 0.9 min)
    Tokenized 545,000/1,369,530 (5293 inst/s | ETA 2.6 min)
    Tokenized 560,000/1,369,530 (5170 inst/s | ETA 2.6 min)
    Tokenized 535,000/1,369,530 (4973 inst/s | ETA 2.8 min)
    Tokenized 565,000/1,369,530 (5331 inst/s | ETA 2.5 min)
  Tokenization complete: 129.2s | shape (551446, 256)
    Tokenized 565,000/818,084 (4790 inst/s | ETA 0.9 min)
    Tokenized 550,000/1,369,530 (5301 inst/s | ETA 2.6 min)
    Tokenized 565,000/1,369,530 (5178 inst/s | ETA 2.6 min)
    Tokenized 570,000/1,369,530 (5335 inst/s | ETA 2.5 min)
    Tokenized 540,000/1,369,530 (4978 inst/s | ETA 2.8 min)
    Tokenized 570,000/818,084 (4792 inst/s | ETA 0.9 min)
    Tokenized 555,000/1,369,530 (5305 inst/s | ETA 2.6 min)
    Tokenized 570,000/1,369,530 (5185 inst/s | ETA 2.6 min)
    Tokenized 545,000/1,369,530 (4987 inst/s | ETA 2.8 min)
    Tokenized 575,000/1,369,530 (5338 inst/s | ETA 2.5 min)
    Tokenized 560,000/1,369,530 (5311 inst/s | ETA 2.5 min)
    Tokenized 575,000/818,084 (4794 inst/s | ETA 0.8 min)
    Tokenized 575,000/1,369,530 (5190 inst/s | ETA 2.6 min)
    Tokenized 550,000/1,369,530 (4991 inst/s | ETA 2.7 min)
    Tokenized 580,000/1,369,530 (5343 inst/s | ETA 2.5 min)
    Tokenized 565,000/1,369,530 (5316 inst/s | ETA 2.5 min)
    Tokenized 580,000/818,084 (4801 inst/s | ETA 0.8 min)
    Tokenized 580,000/1,369,530 (5197 inst/s | ETA 2.5 min)
    Tokenized 585,000/1,369,530 (5351 inst/s | ETA 2.4 min)
    Tokenized 555,000/1,369,530 (4998 inst/s | ETA 2.7 min)
    Tokenized 650,000/818,084 (5035 inst/s | ETA 0.6 min)
    Tokenized 585,000/1,369,530 (5207 inst/s | ETA 2.5 min)
    Tokenized 585,000/818,084 (4809 inst/s | ETA 0.8 min)
    Tokenized 570,000/1,369,530 (5320 inst/s | ETA 2.5 min)
    Tokenized 590,000/1,369,530 (5356 inst/s | ETA 2.4 min)
    Tokenized 560,000/1,369,530 (5005 inst/s | ETA 2.7 min)
    Tokenized 655,000/818,084 (5039 inst/s | ETA 0.5 min)
    Tokenized 590,000/1,369,530 (5214 inst/s | ETA 2.5 min)
    Tokenized 575,000/1,369,530 (5319 inst/s | ETA 2.5 min)
    Tokenized 590,000/818,084 (4815 inst/s | ETA 0.8 min)
    Tokenized 565,000/1,369,530 (5013 inst/s | ETA 2.7 min)
    Tokenized 595,000/1,369,530 (5342 inst/s | ETA 2.4 min)
    Tokenized 595,000/1,369,530 (5220 inst/s | ETA 2.5 min)
    Tokenized 660,000/818,084 (5045 inst/s | ETA 0.5 min)
    Tokenized 580,000/1,369,530 (5321 inst/s | ETA 2.5 min)
    Tokenized 595,000/818,084 (4818 inst/s | ETA 0.8 min)
    Tokenized 570,000/1,369,530 (5019 inst/s | ETA 2.7 min)
    Tokenized 600,000/1,369,530 (5229 inst/s | ETA 2.5 min)
    Tokenized 665,000/818,084 (5054 inst/s | ETA 0.5 min)
    Tokenized 585,000/1,369,530 (5327 inst/s | ETA 2.5 min)
    Tokenized 600,000/1,369,530 (5328 inst/s | ETA 2.4 min)
    Tokenized 600,000/818,084 (4823 inst/s | ETA 0.8 min)
    Tokenized 575,000/1,369,530 (5020 inst/s | ETA 2.6 min)
    Tokenized 605,000/1,369,530 (5240 inst/s | ETA 2.4 min)
    Tokenized 670,000/818,084 (5065 inst/s | ETA 0.5 min)
    Tokenized 590,000/1,369,530 (5331 inst/s | ETA 2.4 min)
    Tokenized 605,000/818,084 (4830 inst/s | ETA 0.7 min)
    Tokenized 675,000/818,084 (5076 inst/s | ETA 0.5 min)
    Tokenized 605,000/1,369,530 (5311 inst/s | ETA 2.4 min)
    Tokenized 580,000/1,369,530 (5026 inst/s | ETA 2.6 min)
    Tokenized 610,000/1,369,530 (5246 inst/s | ETA 2.4 min)
    Tokenized 595,000/1,369,530 (5333 inst/s | ETA 2.4 min)
    Tokenized 680,000/818,084 (5081 inst/s | ETA 0.5 min)
    Tokenized 610,000/818,084 (4831 inst/s | ETA 0.7 min)
    Tokenized 615,000/1,369,530 (5252 inst/s | ETA 2.4 min)
    Tokenized 585,000/1,369,530 (5035 inst/s | ETA 2.6 min)
    Tokenized 600,000/1,369,530 (5338 inst/s | ETA 2.4 min)
    Tokenized 610,000/1,369,530 (5307 inst/s | ETA 2.4 min)
    Tokenized 620,000/1,369,530 (5267 inst/s | ETA 2.4 min)
    Tokenized 615,000/818,084 (4838 inst/s | ETA 0.7 min)
    Tokenized 685,000/818,084 (5085 inst/s | ETA 0.4 min)
    Tokenized 590,000/1,369,530 (5040 inst/s | ETA 2.6 min)
    Tokenized 605,000/1,369,530 (5347 inst/s | ETA 2.4 min)
    Tokenized 615,000/1,369,530 (5308 inst/s | ETA 2.4 min)
    Tokenized 625,000/1,369,530 (5275 inst/s | ETA 2.4 min)
    Tokenized 620,000/818,084 (4851 inst/s | ETA 0.7 min)
    Tokenized 690,000/818,084 (5094 inst/s | ETA 0.4 min)
    Tokenized 595,000/1,369,530 (5040 inst/s | ETA 2.6 min)
    Tokenized 620,000/1,369,530 (5318 inst/s | ETA 2.3 min)
    Tokenized 610,000/1,369,530 (5348 inst/s | ETA 2.4 min)
    Tokenized 630,000/1,369,530 (5279 inst/s | ETA 2.3 min)
    Tokenized 695,000/818,084 (5104 inst/s | ETA 0.4 min)
    Tokenized 625,000/818,084 (4857 inst/s | ETA 0.7 min)
    Tokenized 600,000/1,369,530 (5043 inst/s | ETA 2.5 min)
    Tokenized 625,000/1,369,530 (5323 inst/s | ETA 2.3 min)
    Tokenized 615,000/1,369,530 (5353 inst/s | ETA 2.3 min)
    Tokenized 700,000/818,084 (5111 inst/s | ETA 0.4 min)
    Tokenized 635,000/1,369,530 (5286 inst/s | ETA 2.3 min)
    Tokenized 630,000/818,084 (4856 inst/s | ETA 0.6 min)
    Tokenized 620,000/1,369,530 (5364 inst/s | ETA 2.3 min)
    Tokenized 630,000/1,369,530 (5320 inst/s | ETA 2.3 min)
    Tokenized 640,000/1,369,530 (5294 inst/s | ETA 2.3 min)
    Tokenized 705,000/818,084 (5116 inst/s | ETA 0.4 min)
    Tokenized 605,000/1,369,530 (5050 inst/s | ETA 2.5 min)
    Tokenized 645,000/1,369,530 (5307 inst/s | ETA 2.3 min)
    Tokenized 625,000/1,369,530 (5368 inst/s | ETA 2.3 min)
    Tokenized 610,000/1,369,530 (5052 inst/s | ETA 2.5 min)
    Tokenized 635,000/1,369,530 (5323 inst/s | ETA 2.3 min)
    Tokenized 710,000/818,084 (5122 inst/s | ETA 0.4 min)
    Tokenized 650,000/1,369,530 (5316 inst/s | ETA 2.3 min)
    Tokenized 640,000/1,369,530 (5330 inst/s | ETA 2.3 min)
    Tokenized 715,000/818,084 (5128 inst/s | ETA 0.3 min)
    Tokenized 615,000/1,369,530 (5052 inst/s | ETA 2.5 min)
    Tokenized 630,000/1,369,530 (5361 inst/s | ETA 2.3 min)
    Tokenized 645,000/1,369,530 (5342 inst/s | ETA 2.3 min)
    Tokenized 620,000/1,369,530 (5062 inst/s | ETA 2.5 min)
    Tokenized 720,000/818,084 (5135 inst/s | ETA 0.3 min)
    Tokenized 625,000/1,369,530 (5067 inst/s | ETA 2.4 min)
    Tokenized 725,000/818,084 (5139 inst/s | ETA 0.3 min)
    Tokenized 655,000/1,369,530 (5323 inst/s | ETA 2.2 min)
    Tokenized 660,000/1,369,530 (5330 inst/s | ETA 2.2 min)
    Tokenized 665,000/1,369,530 (5341 inst/s | ETA 2.2 min)
    Tokenized 650,000/1,369,530 (5349 inst/s | ETA 2.2 min)
    Tokenized 655,000/1,369,530 (5353 inst/s | ETA 2.2 min)
    Tokenized 635,000/1,369,530 (5360 inst/s | ETA 2.3 min)
    Tokenized 640,000/1,369,530 (5368 inst/s | ETA 2.3 min)
    Tokenized 730,000/818,084 (5144 inst/s | ETA 0.3 min)
    Tokenized 645,000/1,369,530 (5379 inst/s | ETA 2.2 min)
    Tokenized 670,000/1,369,530 (5353 inst/s | ETA 2.2 min)
    Tokenized 630,000/1,369,530 (5064 inst/s | ETA 2.4 min)
    Tokenized 660,000/1,369,530 (5358 inst/s | ETA 2.2 min)
    Tokenized 675,000/1,369,530 (5364 inst/s | ETA 2.2 min)
    Tokenized 650,000/1,369,530 (5383 inst/s | ETA 2.2 min)
    Tokenized 735,000/818,084 (5146 inst/s | ETA 0.3 min)
    Tokenized 635,000/818,084 (4692 inst/s | ETA 0.7 min)
    Tokenized 635,000/1,369,530 (5067 inst/s | ETA 2.4 min)
    Tokenized 665,000/1,369,530 (5368 inst/s | ETA 2.2 min)
    Tokenized 655,000/1,369,530 (5385 inst/s | ETA 2.2 min)
    Tokenized 640,000/818,084 (4702 inst/s | ETA 0.6 min)
    Tokenized 740,000/818,084 (5149 inst/s | ETA 0.3 min)
    Tokenized 640,000/1,369,530 (5075 inst/s | ETA 2.4 min)
    Tokenized 670,000/1,369,530 (5378 inst/s | ETA 2.2 min)
    Tokenized 645,000/818,084 (4715 inst/s | ETA 0.6 min)
    Tokenized 645,000/1,369,530 (5083 inst/s | ETA 2.4 min)
    Tokenized 675,000/1,369,530 (5389 inst/s | ETA 2.1 min)
    Tokenized 745,000/818,084 (5152 inst/s | ETA 0.2 min)
    Tokenized 650,000/818,084 (4724 inst/s | ETA 0.6 min)
    Tokenized 750,000/818,084 (5157 inst/s | ETA 0.2 min)
    Tokenized 650,000/1,369,530 (5085 inst/s | ETA 2.4 min)
    Tokenized 655,000/818,084 (4730 inst/s | ETA 0.6 min)
    Tokenized 755,000/818,084 (5159 inst/s | ETA 0.2 min)
    Tokenized 655,000/1,369,530 (5088 inst/s | ETA 2.3 min)
    Tokenized 660,000/818,084 (4738 inst/s | ETA 0.6 min)
    Tokenized 760,000/818,084 (5164 inst/s | ETA 0.2 min)
    Tokenized 665,000/818,084 (4750 inst/s | ETA 0.5 min)
    Tokenized 670,000/818,084 (4761 inst/s | ETA 0.5 min)
    Tokenized 680,000/1,369,530 (5147 inst/s | ETA 2.2 min)
    Tokenized 675,000/818,084 (4773 inst/s | ETA 0.5 min)
    Tokenized 685,000/1,369,530 (5152 inst/s | ETA 2.2 min)
    Tokenized 680,000/818,084 (4776 inst/s | ETA 0.5 min)
    Tokenized 660,000/1,369,530 (5151 inst/s | ETA 2.3 min)
    Tokenized 690,000/1,369,530 (5163 inst/s | ETA 2.2 min)
    Tokenized 665,000/1,369,530 (5162 inst/s | ETA 2.3 min)
    Tokenized 685,000/818,084 (4778 inst/s | ETA 0.5 min)
    Tokenized 680,000/1,369,530 (5162 inst/s | ETA 2.2 min)
    Tokenized 695,000/1,369,530 (5173 inst/s | ETA 2.2 min)
    Tokenized 670,000/1,369,530 (5173 inst/s | ETA 2.3 min)
    Tokenized 690,000/818,084 (4788 inst/s | ETA 0.4 min)
    Tokenized 700,000/1,369,530 (5182 inst/s | ETA 2.2 min)
    Tokenized 685,000/1,369,530 (5167 inst/s | ETA 2.2 min)
    Tokenized 675,000/1,369,530 (5184 inst/s | ETA 2.2 min)
    Tokenized 695,000/818,084 (4795 inst/s | ETA 0.4 min)
    Tokenized 690,000/1,369,530 (5177 inst/s | ETA 2.2 min)
    Tokenized 765,000/818,084 (5013 inst/s | ETA 0.2 min)
    Tokenized 705,000/1,369,530 (5189 inst/s | ETA 2.1 min)
    Tokenized 660,000/1,369,530 (4881 inst/s | ETA 2.4 min)
    Tokenized 680,000/1,369,530 (5189 inst/s | ETA 2.2 min)
    Tokenized 770,000/818,084 (5022 inst/s | ETA 0.2 min)
    Tokenized 695,000/1,369,530 (5187 inst/s | ETA 2.2 min)
    Tokenized 700,000/818,084 (4801 inst/s | ETA 0.4 min)
    Tokenized 710,000/1,369,530 (5196 inst/s | ETA 2.1 min)
    Tokenized 665,000/1,369,530 (4892 inst/s | ETA 2.4 min)
    Tokenized 685,000/1,369,530 (5194 inst/s | ETA 2.2 min)
    Tokenized 700,000/1,369,530 (5192 inst/s | ETA 2.1 min)
    Tokenized 715,000/1,369,530 (5205 inst/s | ETA 2.1 min)
    Tokenized 705,000/818,084 (4807 inst/s | ETA 0.4 min)
    Tokenized 775,000/818,084 (5026 inst/s | ETA 0.1 min)
    Tokenized 670,000/1,369,530 (4903 inst/s | ETA 2.4 min)
    Tokenized 690,000/1,369,530 (5203 inst/s | ETA 2.2 min)
    Tokenized 705,000/1,369,530 (5198 inst/s | ETA 2.1 min)
    Tokenized 780,000/818,084 (5031 inst/s | ETA 0.1 min)
    Tokenized 720,000/1,369,530 (5214 inst/s | ETA 2.1 min)
    Tokenized 675,000/1,369,530 (4914 inst/s | ETA 2.4 min)
    Tokenized 710,000/818,084 (4814 inst/s | ETA 0.4 min)
    Tokenized 695,000/1,369,530 (5213 inst/s | ETA 2.2 min)
    Tokenized 725,000/1,369,530 (5222 inst/s | ETA 2.1 min)
    Tokenized 710,000/1,369,530 (5205 inst/s | ETA 2.1 min)
    Tokenized 680,000/1,369,530 (4921 inst/s | ETA 2.3 min)
    Tokenized 715,000/818,084 (4817 inst/s | ETA 0.4 min)
    Tokenized 785,000/818,084 (5034 inst/s | ETA 0.1 min)
    Tokenized 700,000/1,369,530 (5219 inst/s | ETA 2.1 min)
    Tokenized 730,000/1,369,530 (5230 inst/s | ETA 2.0 min)
    Tokenized 715,000/1,369,530 (5211 inst/s | ETA 2.1 min)
    Tokenized 685,000/1,369,530 (4925 inst/s | ETA 2.3 min)
    Tokenized 720,000/818,084 (4824 inst/s | ETA 0.3 min)
    Tokenized 790,000/818,084 (5038 inst/s | ETA 0.1 min)
    Tokenized 705,000/1,369,530 (5224 inst/s | ETA 2.1 min)
    Tokenized 735,000/1,369,530 (5234 inst/s | ETA 2.0 min)
    Tokenized 720,000/1,369,530 (5217 inst/s | ETA 2.1 min)
    Tokenized 690,000/1,369,530 (4935 inst/s | ETA 2.3 min)
    Tokenized 795,000/818,084 (5045 inst/s | ETA 0.1 min)
    Tokenized 725,000/818,084 (4829 inst/s | ETA 0.3 min)
    Tokenized 710,000/1,369,530 (5230 inst/s | ETA 2.1 min)
    Tokenized 740,000/1,369,530 (5239 inst/s | ETA 2.0 min)
    Tokenized 725,000/1,369,530 (5223 inst/s | ETA 2.1 min)
    Tokenized 695,000/1,369,530 (4945 inst/s | ETA 2.3 min)
    Tokenized 800,000/818,084 (5052 inst/s | ETA 0.1 min)
    Tokenized 715,000/1,369,530 (5236 inst/s | ETA 2.1 min)
    Tokenized 730,000/818,084 (4832 inst/s | ETA 0.3 min)
    Tokenized 745,000/1,369,530 (5245 inst/s | ETA 2.0 min)
    Tokenized 730,000/1,369,530 (5228 inst/s | ETA 2.0 min)
    Tokenized 700,000/1,369,530 (4954 inst/s | ETA 2.3 min)
    Tokenized 805,000/818,084 (5057 inst/s | ETA 0.0 min)
    Tokenized 720,000/1,369,530 (5243 inst/s | ETA 2.1 min)
    Tokenized 735,000/818,084 (4838 inst/s | ETA 0.3 min)
    Tokenized 750,000/1,369,530 (5252 inst/s | ETA 2.0 min)
    Tokenized 735,000/1,369,530 (5230 inst/s | ETA 2.0 min)
    Tokenized 705,000/1,369,530 (4962 inst/s | ETA 2.2 min)
    Tokenized 810,000/818,084 (5061 inst/s | ETA 0.0 min)
    Tokenized 725,000/1,369,530 (5248 inst/s | ETA 2.0 min)
    Tokenized 740,000/818,084 (4843 inst/s | ETA 0.3 min)
    Tokenized 755,000/1,369,530 (5258 inst/s | ETA 1.9 min)
    Tokenized 710,000/1,369,530 (4970 inst/s | ETA 2.2 min)
    Tokenized 740,000/1,369,530 (5233 inst/s | ETA 2.0 min)
    Tokenized 815,000/818,084 (5062 inst/s | ETA 0.0 min)
    Tokenized 730,000/1,369,530 (5253 inst/s | ETA 2.0 min)
    Tokenized 760,000/1,369,530 (5265 inst/s | ETA 1.9 min)
    Tokenized 715,000/1,369,530 (4979 inst/s | ETA 2.2 min)
    Tokenized 818,084/818,084 (5064 inst/s | ETA 0.0 min)
    Tokenized 745,000/1,369,530 (5236 inst/s | ETA 2.0 min)
    Tokenized 735,000/1,369,530 (5255 inst/s | ETA 2.0 min)
    Tokenized 765,000/1,369,530 (5275 inst/s | ETA 1.9 min)
    Tokenized 720,000/1,369,530 (4987 inst/s | ETA 2.2 min)
    Tokenized 750,000/1,369,530 (5241 inst/s | ETA 2.0 min)
    Tokenized 770,000/1,369,530 (5284 inst/s | ETA 1.9 min)
    Tokenized 740,000/1,369,530 (5257 inst/s | ETA 2.0 min)
    Tokenized 725,000/1,369,530 (4994 inst/s | ETA 2.2 min)
    Tokenized 755,000/1,369,530 (5245 inst/s | ETA 2.0 min)
    Tokenized 775,000/1,369,530 (5289 inst/s | ETA 1.9 min)
    Tokenized 745,000/1,369,530 (5260 inst/s | ETA 2.0 min)
    Tokenized 730,000/1,369,530 (5000 inst/s | ETA 2.1 min)
    Tokenized 760,000/1,369,530 (5251 inst/s | ETA 1.9 min)
    Tokenized 750,000/1,369,530 (5265 inst/s | ETA 2.0 min)
    Tokenized 735,000/1,369,530 (5004 inst/s | ETA 2.1 min)
    Tokenized 780,000/1,369,530 (5295 inst/s | ETA 1.9 min)
    Tokenized 765,000/1,369,530 (5260 inst/s | ETA 1.9 min)
    Tokenized 785,000/1,369,530 (5301 inst/s | ETA 1.8 min)
    Tokenized 755,000/1,369,530 (5270 inst/s | ETA 1.9 min)
    Tokenized 770,000/1,369,530 (5268 inst/s | ETA 1.9 min)
    Tokenized 740,000/1,369,530 (5008 inst/s | ETA 2.1 min)
    Tokenized 790,000/1,369,530 (5306 inst/s | ETA 1.8 min)
    Tokenized 760,000/1,369,530 (5276 inst/s | ETA 1.9 min)
    Tokenized 745,000/1,369,530 (5012 inst/s | ETA 2.1 min)
    Tokenized 745,000/818,084 (4689 inst/s | ETA 0.3 min)
    Tokenized 775,000/1,369,530 (5270 inst/s | ETA 1.9 min)
    Tokenized 795,000/1,369,530 (5315 inst/s | ETA 1.8 min)
    Tokenized 765,000/1,369,530 (5284 inst/s | ETA 1.9 min)
    Tokenized 800,000/1,369,530 (5323 inst/s | ETA 1.8 min)
    Tokenized 780,000/1,369,530 (5273 inst/s | ETA 1.9 min)
    Tokenized 750,000/818,084 (4697 inst/s | ETA 0.2 min)
    Tokenized 750,000/1,369,530 (5018 inst/s | ETA 2.1 min)
    Tokenized 770,000/1,369,530 (5292 inst/s | ETA 1.9 min)
    Tokenized 755,000/1,369,530 (5025 inst/s | ETA 2.0 min)
    Tokenized 805,000/1,369,530 (5329 inst/s | ETA 1.8 min)
    Tokenized 755,000/818,084 (4704 inst/s | ETA 0.2 min)
    Tokenized 785,000/1,369,530 (5276 inst/s | ETA 1.8 min)
    Tokenized 775,000/1,369,530 (5294 inst/s | ETA 1.9 min)
    Tokenized 810,000/1,369,530 (5334 inst/s | ETA 1.7 min)
    Tokenized 760,000/1,369,530 (5032 inst/s | ETA 2.0 min)
    Tokenized 760,000/818,084 (4713 inst/s | ETA 0.2 min)
    Tokenized 790,000/1,369,530 (5279 inst/s | ETA 1.8 min)
    Tokenized 780,000/1,369,530 (5297 inst/s | ETA 1.9 min)
    Tokenized 815,000/1,369,530 (5338 inst/s | ETA 1.7 min)
    Tokenized 765,000/818,084 (4723 inst/s | ETA 0.2 min)
    Tokenized 765,000/1,369,530 (5038 inst/s | ETA 2.0 min)
    Tokenized 795,000/1,369,530 (5286 inst/s | ETA 1.8 min)
    Tokenized 785,000/1,369,530 (5301 inst/s | ETA 1.8 min)
    Tokenized 770,000/818,084 (4732 inst/s | ETA 0.2 min)
    Tokenized 820,000/1,369,530 (5344 inst/s | ETA 1.7 min)
    Tokenized 800,000/1,369,530 (5292 inst/s | ETA 1.8 min)
    Tokenized 770,000/1,369,530 (5044 inst/s | ETA 2.0 min)
    Tokenized 790,000/1,369,530 (5304 inst/s | ETA 1.8 min)
    Tokenized 825,000/1,369,530 (5348 inst/s | ETA 1.7 min)
    Tokenized 805,000/1,369,530 (5296 inst/s | ETA 1.8 min)
    Tokenized 775,000/1,369,530 (5049 inst/s | ETA 2.0 min)
    Tokenized 775,000/818,084 (4733 inst/s | ETA 0.2 min)
    Tokenized 795,000/1,369,530 (5311 inst/s | ETA 1.8 min)
    Tokenized 830,000/1,369,530 (5353 inst/s | ETA 1.7 min)
    Tokenized 780,000/1,369,530 (5055 inst/s | ETA 1.9 min)
    Tokenized 810,000/1,369,530 (5299 inst/s | ETA 1.8 min)
    Tokenized 780,000/818,084 (4737 inst/s | ETA 0.1 min)
    Tokenized 800,000/1,369,530 (5317 inst/s | ETA 1.8 min)
    Tokenized 835,000/1,369,530 (5358 inst/s | ETA 1.7 min)
    Tokenized 785,000/1,369,530 (5061 inst/s | ETA 1.9 min)
    Tokenized 785,000/818,084 (4743 inst/s | ETA 0.1 min)
    Tokenized 815,000/1,369,530 (5300 inst/s | ETA 1.7 min)
    Tokenized 805,000/1,369,530 (5320 inst/s | ETA 1.8 min)
    Tokenized 840,000/1,369,530 (5366 inst/s | ETA 1.6 min)
    Tokenized 790,000/1,369,530 (5066 inst/s | ETA 1.9 min)
    Tokenized 820,000/1,369,530 (5303 inst/s | ETA 1.7 min)
    Tokenized 790,000/818,084 (4749 inst/s | ETA 0.1 min)
    Tokenized 810,000/1,369,530 (5321 inst/s | ETA 1.8 min)
    Tokenized 795,000/1,369,530 (5073 inst/s | ETA 1.9 min)
    Tokenized 795,000/818,084 (4756 inst/s | ETA 0.1 min)
    Tokenized 825,000/1,369,530 (5305 inst/s | ETA 1.7 min)
    Tokenized 815,000/1,369,530 (5323 inst/s | ETA 1.7 min)
    Tokenized 800,000/1,369,530 (5079 inst/s | ETA 1.9 min)
    Tokenized 800,000/818,084 (4762 inst/s | ETA 0.1 min)
    Tokenized 830,000/1,369,530 (5307 inst/s | ETA 1.7 min)
    Tokenized 820,000/1,369,530 (5325 inst/s | ETA 1.7 min)
    Tokenized 805,000/1,369,530 (5081 inst/s | ETA 1.9 min)
    Tokenized 805,000/818,084 (4768 inst/s | ETA 0.0 min)
    Tokenized 835,000/1,369,530 (5309 inst/s | ETA 1.7 min)
    Tokenized 810,000/1,369,530 (5084 inst/s | ETA 1.8 min)
    Tokenized 840,000/1,369,530 (5315 inst/s | ETA 1.7 min)
    Tokenized 810,000/818,084 (4770 inst/s | ETA 0.0 min)
    Tokenized 815,000/1,369,530 (5086 inst/s | ETA 1.8 min)
    Tokenized 815,000/818,084 (4772 inst/s | ETA 0.0 min)
    Tokenized 820,000/1,369,530 (5089 inst/s | ETA 1.8 min)
    Tokenized 818,084/818,084 (4774 inst/s | ETA 0.0 min)
    Tokenized 845,000/1,369,530 (5156 inst/s | ETA 1.7 min)
    Tokenized 850,000/1,369,530 (5161 inst/s | ETA 1.7 min)
    Tokenized 855,000/1,369,530 (5164 inst/s | ETA 1.7 min)
    Tokenized 825,000/1,369,530 (5115 inst/s | ETA 1.8 min)
    Tokenized 860,000/1,369,530 (5168 inst/s | ETA 1.6 min)
    Tokenized 830,000/1,369,530 (5118 inst/s | ETA 1.8 min)
    Tokenized 865,000/1,369,530 (5174 inst/s | ETA 1.6 min)
    Tokenized 845,000/1,369,530 (5120 inst/s | ETA 1.7 min)
    Tokenized 870,000/1,369,530 (5179 inst/s | ETA 1.6 min)
    Tokenized 835,000/1,369,530 (5122 inst/s | ETA 1.7 min)
    Tokenized 850,000/1,369,530 (5124 inst/s | ETA 1.7 min)
    Tokenized 875,000/1,369,530 (5184 inst/s | ETA 1.6 min)
    Tokenized 840,000/1,369,530 (5130 inst/s | ETA 1.7 min)
    Tokenized 855,000/1,369,530 (5124 inst/s | ETA 1.7 min)
    Tokenized 880,000/1,369,530 (5190 inst/s | ETA 1.6 min)
    Tokenized 845,000/1,369,530 (5136 inst/s | ETA 1.7 min)
    Tokenized 860,000/1,369,530 (5127 inst/s | ETA 1.7 min)
    Tokenized 885,000/1,369,530 (5195 inst/s | ETA 1.6 min)
    Tokenized 850,000/1,369,530 (5140 inst/s | ETA 1.7 min)
    Tokenized 865,000/1,369,530 (5131 inst/s | ETA 1.6 min)
    Tokenized 890,000/1,369,530 (5199 inst/s | ETA 1.5 min)
    Tokenized 855,000/1,369,530 (5142 inst/s | ETA 1.7 min)
    Tokenized 870,000/1,369,530 (5134 inst/s | ETA 1.6 min)
    Tokenized 895,000/1,369,530 (5203 inst/s | ETA 1.5 min)
    Tokenized 860,000/1,369,530 (5145 inst/s | ETA 1.7 min)
    Tokenized 825,000/1,369,530 (4837 inst/s | ETA 1.9 min)
    Tokenized 830,000/1,369,530 (4840 inst/s | ETA 1.9 min)
    Tokenized 875,000/1,369,530 (5137 inst/s | ETA 1.6 min)
    Tokenized 900,000/1,369,530 (5207 inst/s | ETA 1.5 min)
  Tokenization complete: 189.8s | shape (818084, 256)
    Tokenized 865,000/1,369,530 (5149 inst/s | ETA 1.6 min)
    Tokenized 835,000/1,369,530 (4845 inst/s | ETA 1.8 min)
    Tokenized 880,000/1,369,530 (5142 inst/s | ETA 1.6 min)
    Tokenized 905,000/1,369,530 (5209 inst/s | ETA 1.5 min)
    Tokenized 840,000/1,369,530 (4852 inst/s | ETA 1.8 min)
    Tokenized 870,000/1,369,530 (5151 inst/s | ETA 1.6 min)
    Tokenized 885,000/1,369,530 (5145 inst/s | ETA 1.6 min)
    Tokenized 910,000/1,369,530 (5213 inst/s | ETA 1.5 min)
    Tokenized 845,000/1,369,530 (4859 inst/s | ETA 1.8 min)
    Tokenized 875,000/1,369,530 (5152 inst/s | ETA 1.6 min)
    Tokenized 915,000/1,369,530 (5218 inst/s | ETA 1.5 min)
    Tokenized 890,000/1,369,530 (5147 inst/s | ETA 1.6 min)
    Tokenized 850,000/1,369,530 (4862 inst/s | ETA 1.8 min)
    Tokenized 880,000/1,369,530 (5156 inst/s | ETA 1.6 min)
    Tokenized 920,000/1,369,530 (5223 inst/s | ETA 1.4 min)
    Tokenized 895,000/1,369,530 (5149 inst/s | ETA 1.5 min)
    Tokenized 855,000/1,369,530 (4866 inst/s | ETA 1.8 min)
    Tokenized 885,000/1,369,530 (5160 inst/s | ETA 1.6 min)
    Tokenized 925,000/1,369,530 (5226 inst/s | ETA 1.4 min)
    Tokenized 900,000/1,369,530 (5151 inst/s | ETA 1.5 min)
    Tokenized 860,000/1,369,530 (4868 inst/s | ETA 1.7 min)
    Tokenized 890,000/1,369,530 (5161 inst/s | ETA 1.5 min)
    Tokenized 930,000/1,369,530 (5229 inst/s | ETA 1.4 min)
    Tokenized 905,000/1,369,530 (5153 inst/s | ETA 1.5 min)
    Tokenized 895,000/1,369,530 (5162 inst/s | ETA 1.5 min)
    Tokenized 865,000/1,369,530 (4872 inst/s | ETA 1.7 min)
    Tokenized 935,000/1,369,530 (5232 inst/s | ETA 1.4 min)
    Tokenized 910,000/1,369,530 (5156 inst/s | ETA 1.5 min)
    Tokenized 870,000/1,369,530 (4873 inst/s | ETA 1.7 min)
    Tokenized 900,000/1,369,530 (5163 inst/s | ETA 1.5 min)
    Tokenized 940,000/1,369,530 (5235 inst/s | ETA 1.4 min)
    Tokenized 915,000/1,369,530 (5160 inst/s | ETA 1.5 min)
    Tokenized 945,000/1,369,530 (5241 inst/s | ETA 1.4 min)
    Tokenized 875,000/1,369,530 (4876 inst/s | ETA 1.7 min)
    Tokenized 905,000/1,369,530 (5164 inst/s | ETA 1.5 min)
    Tokenized 920,000/1,369,530 (5165 inst/s | ETA 1.5 min)
    Tokenized 950,000/1,369,530 (5245 inst/s | ETA 1.3 min)
    Tokenized 910,000/1,369,530 (5168 inst/s | ETA 1.5 min)
    Tokenized 880,000/1,369,530 (4880 inst/s | ETA 1.7 min)
    Tokenized 925,000/1,369,530 (5167 inst/s | ETA 1.4 min)
    Tokenized 915,000/1,369,530 (5172 inst/s | ETA 1.5 min)
    Tokenized 885,000/1,369,530 (4883 inst/s | ETA 1.7 min)
    Tokenized 955,000/1,369,530 (5240 inst/s | ETA 1.3 min)
    Tokenized 930,000/1,369,530 (5169 inst/s | ETA 1.4 min)
    Tokenized 920,000/1,369,530 (5176 inst/s | ETA 1.4 min)
    Tokenized 890,000/1,369,530 (4886 inst/s | ETA 1.6 min)
    Tokenized 935,000/1,369,530 (5171 inst/s | ETA 1.4 min)
    Tokenized 925,000/1,369,530 (5177 inst/s | ETA 1.4 min)
    Tokenized 895,000/1,369,530 (4890 inst/s | ETA 1.6 min)
    Tokenized 960,000/1,369,530 (5216 inst/s | ETA 1.3 min)
    Tokenized 940,000/1,369,530 (5173 inst/s | ETA 1.4 min)
    Tokenized 900,000/1,369,530 (4894 inst/s | ETA 1.6 min)
    Tokenized 930,000/1,369,530 (5177 inst/s | ETA 1.4 min)
    Tokenized 945,000/1,369,530 (5178 inst/s | ETA 1.4 min)
    Tokenized 965,000/1,369,530 (5214 inst/s | ETA 1.3 min)
    Tokenized 905,000/1,369,530 (4898 inst/s | ETA 1.6 min)
    Tokenized 935,000/1,369,530 (5177 inst/s | ETA 1.4 min)
    Tokenized 950,000/1,369,530 (5182 inst/s | ETA 1.3 min)
    Tokenized 970,000/1,369,530 (5210 inst/s | ETA 1.3 min)
    Tokenized 910,000/1,369,530 (4902 inst/s | ETA 1.6 min)
    Tokenized 955,000/1,369,530 (5183 inst/s | ETA 1.3 min)
    Tokenized 940,000/1,369,530 (5179 inst/s | ETA 1.4 min)
    Tokenized 975,000/1,369,530 (5205 inst/s | ETA 1.3 min)
    Tokenized 915,000/1,369,530 (4907 inst/s | ETA 1.5 min)
    Tokenized 945,000/1,369,530 (5183 inst/s | ETA 1.4 min)
    Tokenized 960,000/1,369,530 (5177 inst/s | ETA 1.3 min)
    Tokenized 920,000/1,369,530 (4910 inst/s | ETA 1.5 min)
    Tokenized 950,000/1,369,530 (5187 inst/s | ETA 1.3 min)
    Tokenized 980,000/1,369,530 (5201 inst/s | ETA 1.2 min)
    Tokenized 925,000/1,369,530 (4911 inst/s | ETA 1.5 min)
    Tokenized 955,000/1,369,530 (5185 inst/s | ETA 1.3 min)
    Tokenized 965,000/1,369,530 (5163 inst/s | ETA 1.3 min)
  Tokenization complete: 198.8s | shape (818084, 256)
    Tokenized 985,000/1,369,530 (5198 inst/s | ETA 1.2 min)
    Tokenized 930,000/1,369,530 (4912 inst/s | ETA 1.5 min)
    Tokenized 960,000/1,369,530 (5179 inst/s | ETA 1.3 min)
    Tokenized 990,000/1,369,530 (5196 inst/s | ETA 1.2 min)
    Tokenized 970,000/1,369,530 (5154 inst/s | ETA 1.3 min)
    Tokenized 935,000/1,369,530 (4915 inst/s | ETA 1.5 min)
    Tokenized 965,000/1,369,530 (5179 inst/s | ETA 1.3 min)
    Tokenized 995,000/1,369,530 (5191 inst/s | ETA 1.2 min)
    Tokenized 940,000/1,369,530 (4917 inst/s | ETA 1.5 min)
    Tokenized 975,000/1,369,530 (5146 inst/s | ETA 1.3 min)
    Tokenized 970,000/1,369,530 (5179 inst/s | ETA 1.3 min)
    Tokenized 1,000,000/1,369,530 (5189 inst/s | ETA 1.2 min)
    Tokenized 945,000/1,369,530 (4923 inst/s | ETA 1.4 min)
    Tokenized 975,000/1,369,530 (5180 inst/s | ETA 1.3 min)
    Tokenized 980,000/1,369,530 (5130 inst/s | ETA 1.3 min)
    Tokenized 1,005,000/1,369,530 (5188 inst/s | ETA 1.2 min)
    Tokenized 950,000/1,369,530 (4927 inst/s | ETA 1.4 min)
    Tokenized 980,000/1,369,530 (5180 inst/s | ETA 1.3 min)
    Tokenized 985,000/1,369,530 (5128 inst/s | ETA 1.2 min)
    Tokenized 955,000/1,369,530 (4927 inst/s | ETA 1.4 min)
    Tokenized 1,010,000/1,369,530 (5187 inst/s | ETA 1.2 min)
    Tokenized 985,000/1,369,530 (5182 inst/s | ETA 1.2 min)
    Tokenized 990,000/1,369,530 (5132 inst/s | ETA 1.2 min)
    Tokenized 960,000/1,369,530 (4923 inst/s | ETA 1.4 min)
    Tokenized 990,000/1,369,530 (5185 inst/s | ETA 1.2 min)
    Tokenized 995,000/1,369,530 (5133 inst/s | ETA 1.2 min)
    Tokenized 965,000/1,369,530 (4924 inst/s | ETA 1.4 min)
    Tokenized 1,000,000/1,369,530 (5134 inst/s | ETA 1.2 min)
    Tokenized 970,000/1,369,530 (4925 inst/s | ETA 1.4 min)
    Tokenized 1,005,000/1,369,530 (5134 inst/s | ETA 1.2 min)
    Tokenized 975,000/1,369,530 (4926 inst/s | ETA 1.3 min)
    Tokenized 1,010,000/1,369,530 (5135 inst/s | ETA 1.2 min)
    Tokenized 980,000/1,369,530 (4927 inst/s | ETA 1.3 min)
    Tokenized 985,000/1,369,530 (4930 inst/s | ETA 1.3 min)
    Tokenized 990,000/1,369,530 (4933 inst/s | ETA 1.3 min)
    Tokenized 1,015,000/1,369,530 (5004 inst/s | ETA 1.2 min)
    Tokenized 1,020,000/1,369,530 (5007 inst/s | ETA 1.2 min)
    Tokenized 1,025,000/1,369,530 (5011 inst/s | ETA 1.1 min)
    Tokenized 995,000/1,369,530 (4987 inst/s | ETA 1.3 min)
    Tokenized 1,030,000/1,369,530 (5014 inst/s | ETA 1.1 min)
    Tokenized 1,000,000/1,369,530 (4987 inst/s | ETA 1.2 min)
    Tokenized 1,035,000/1,369,530 (5016 inst/s | ETA 1.1 min)
    Tokenized 1,005,000/1,369,530 (4987 inst/s | ETA 1.2 min)
    Tokenized 1,015,000/1,369,530 (4961 inst/s | ETA 1.2 min)
    Tokenized 1,040,000/1,369,530 (5018 inst/s | ETA 1.1 min)
    Tokenized 1,010,000/1,369,530 (4988 inst/s | ETA 1.2 min)
    Tokenized 1,020,000/1,369,530 (4965 inst/s | ETA 1.2 min)
    Tokenized 1,045,000/1,369,530 (5022 inst/s | ETA 1.1 min)
    Tokenized 1,015,000/1,369,530 (4991 inst/s | ETA 1.2 min)
    Tokenized 1,025,000/1,369,530 (4967 inst/s | ETA 1.2 min)
    Tokenized 1,050,000/1,369,530 (5026 inst/s | ETA 1.1 min)
    Tokenized 1,020,000/1,369,530 (4993 inst/s | ETA 1.2 min)
    Tokenized 1,055,000/1,369,530 (5030 inst/s | ETA 1.0 min)
    Tokenized 1,030,000/1,369,530 (4968 inst/s | ETA 1.1 min)
    Tokenized 1,025,000/1,369,530 (4996 inst/s | ETA 1.1 min)
    Tokenized 1,060,000/1,369,530 (5034 inst/s | ETA 1.0 min)
    Tokenized 1,035,000/1,369,530 (4970 inst/s | ETA 1.1 min)
    Tokenized 1,030,000/1,369,530 (4998 inst/s | ETA 1.1 min)
    Tokenized 1,065,000/1,369,530 (5040 inst/s | ETA 1.0 min)
    Tokenized 995,000/1,369,530 (4722 inst/s | ETA 1.3 min)
    Tokenized 1,040,000/1,369,530 (4971 inst/s | ETA 1.1 min)
    Tokenized 1,070,000/1,369,530 (5045 inst/s | ETA 1.0 min)
    Tokenized 1,035,000/1,369,530 (4999 inst/s | ETA 1.1 min)
    Tokenized 1,045,000/1,369,530 (4974 inst/s | ETA 1.1 min)
    Tokenized 1,000,000/1,369,530 (4722 inst/s | ETA 1.3 min)
    Tokenized 1,075,000/1,369,530 (5048 inst/s | ETA 1.0 min)
    Tokenized 1,040,000/1,369,530 (5001 inst/s | ETA 1.1 min)
    Tokenized 1,050,000/1,369,530 (4978 inst/s | ETA 1.1 min)
    Tokenized 1,080,000/1,369,530 (5050 inst/s | ETA 1.0 min)
    Tokenized 1,005,000/1,369,530 (4718 inst/s | ETA 1.3 min)
    Tokenized 1,045,000/1,369,530 (5005 inst/s | ETA 1.1 min)
    Tokenized 1,055,000/1,369,530 (4981 inst/s | ETA 1.1 min)
    Tokenized 1,085,000/1,369,530 (5055 inst/s | ETA 0.9 min)
    Tokenized 1,050,000/1,369,530 (5008 inst/s | ETA 1.1 min)
    Tokenized 1,010,000/1,369,530 (4717 inst/s | ETA 1.3 min)
    Tokenized 1,060,000/1,369,530 (4984 inst/s | ETA 1.0 min)
    Tokenized 1,090,000/1,369,530 (5061 inst/s | ETA 0.9 min)
    Tokenized 1,055,000/1,369,530 (5009 inst/s | ETA 1.0 min)
    Tokenized 1,065,000/1,369,530 (4990 inst/s | ETA 1.0 min)
    Tokenized 1,015,000/1,369,530 (4718 inst/s | ETA 1.3 min)
    Tokenized 1,095,000/1,369,530 (5065 inst/s | ETA 0.9 min)
    Tokenized 1,060,000/1,369,530 (5012 inst/s | ETA 1.0 min)
    Tokenized 1,070,000/1,369,530 (4995 inst/s | ETA 1.0 min)
    Tokenized 1,020,000/1,369,530 (4720 inst/s | ETA 1.2 min)
    Tokenized 1,100,000/1,369,530 (5067 inst/s | ETA 0.9 min)
    Tokenized 1,065,000/1,369,530 (5018 inst/s | ETA 1.0 min)
    Tokenized 1,075,000/1,369,530 (4997 inst/s | ETA 1.0 min)
    Tokenized 1,025,000/1,369,530 (4720 inst/s | ETA 1.2 min)
    Tokenized 1,105,000/1,369,530 (5069 inst/s | ETA 0.9 min)
    Tokenized 1,070,000/1,369,530 (5022 inst/s | ETA 1.0 min)
    Tokenized 1,110,000/1,369,530 (5073 inst/s | ETA 0.9 min)
    Tokenized 1,030,000/1,369,530 (4720 inst/s | ETA 1.2 min)
    Tokenized 1,075,000/1,369,530 (5024 inst/s | ETA 1.0 min)
    Tokenized 1,115,000/1,369,530 (5075 inst/s | ETA 0.8 min)
    Tokenized 1,080,000/1,369,530 (4999 inst/s | ETA 1.0 min)
    Tokenized 1,085,000/1,369,530 (5002 inst/s | ETA 0.9 min)
    Tokenized 1,080,000/1,369,530 (5026 inst/s | ETA 1.0 min)
    Tokenized 1,035,000/1,369,530 (4720 inst/s | ETA 1.2 min)
    Tokenized 1,090,000/1,369,530 (5008 inst/s | ETA 0.9 min)
    Tokenized 1,120,000/1,369,530 (5080 inst/s | ETA 0.8 min)
    Tokenized 1,085,000/1,369,530 (5029 inst/s | ETA 0.9 min)
    Tokenized 1,095,000/1,369,530 (5011 inst/s | ETA 0.9 min)
    Tokenized 1,040,000/1,369,530 (4722 inst/s | ETA 1.2 min)
    Tokenized 1,125,000/1,369,530 (5084 inst/s | ETA 0.8 min)
    Tokenized 1,090,000/1,369,530 (5034 inst/s | ETA 0.9 min)
    Tokenized 1,100,000/1,369,530 (5012 inst/s | ETA 0.9 min)
    Tokenized 1,045,000/1,369,530 (4725 inst/s | ETA 1.1 min)
    Tokenized 1,130,000/1,369,530 (5085 inst/s | ETA 0.8 min)
    Tokenized 1,095,000/1,369,530 (5038 inst/s | ETA 0.9 min)
    Tokenized 1,105,000/1,369,530 (5014 inst/s | ETA 0.9 min)
    Tokenized 1,135,000/1,369,530 (5089 inst/s | ETA 0.8 min)
    Tokenized 1,050,000/1,369,530 (4727 inst/s | ETA 1.1 min)
    Tokenized 1,100,000/1,369,530 (5038 inst/s | ETA 0.9 min)
    Tokenized 1,110,000/1,369,530 (5017 inst/s | ETA 0.9 min)
    Tokenized 1,140,000/1,369,530 (5093 inst/s | ETA 0.8 min)
    Tokenized 1,055,000/1,369,530 (4731 inst/s | ETA 1.1 min)
    Tokenized 1,105,000/1,369,530 (5040 inst/s | ETA 0.9 min)
    Tokenized 1,145,000/1,369,530 (5098 inst/s | ETA 0.7 min)
    Tokenized 1,115,000/1,369,530 (5018 inst/s | ETA 0.8 min)
    Tokenized 1,060,000/1,369,530 (4732 inst/s | ETA 1.1 min)
    Tokenized 1,110,000/1,369,530 (5042 inst/s | ETA 0.9 min)
    Tokenized 1,150,000/1,369,530 (5102 inst/s | ETA 0.7 min)
    Tokenized 1,120,000/1,369,530 (5022 inst/s | ETA 0.8 min)
    Tokenized 1,065,000/1,369,530 (4735 inst/s | ETA 1.1 min)
    Tokenized 1,115,000/1,369,530 (5044 inst/s | ETA 0.8 min)
    Tokenized 1,155,000/1,369,530 (5105 inst/s | ETA 0.7 min)
    Tokenized 1,125,000/1,369,530 (5025 inst/s | ETA 0.8 min)
    Tokenized 1,070,000/1,369,530 (4737 inst/s | ETA 1.1 min)
    Tokenized 1,120,000/1,369,530 (5048 inst/s | ETA 0.8 min)
    Tokenized 1,160,000/1,369,530 (5109 inst/s | ETA 0.7 min)
    Tokenized 1,130,000/1,369,530 (5024 inst/s | ETA 0.8 min)
    Tokenized 1,075,000/1,369,530 (4737 inst/s | ETA 1.0 min)
    Tokenized 1,125,000/1,369,530 (5051 inst/s | ETA 0.8 min)
    Tokenized 1,165,000/1,369,530 (5110 inst/s | ETA 0.7 min)
    Tokenized 1,135,000/1,369,530 (5027 inst/s | ETA 0.8 min)
    Tokenized 1,080,000/1,369,530 (4739 inst/s | ETA 1.0 min)
    Tokenized 1,130,000/1,369,530 (5052 inst/s | ETA 0.8 min)
    Tokenized 1,170,000/1,369,530 (5111 inst/s | ETA 0.7 min)
    Tokenized 1,140,000/1,369,530 (5032 inst/s | ETA 0.8 min)
    Tokenized 1,135,000/1,369,530 (5054 inst/s | ETA 0.8 min)
    Tokenized 1,085,000/1,369,530 (4743 inst/s | ETA 1.0 min)
    Tokenized 1,145,000/1,369,530 (5037 inst/s | ETA 0.7 min)
    Tokenized 1,175,000/1,369,530 (5113 inst/s | ETA 0.6 min)
    Tokenized 1,140,000/1,369,530 (5059 inst/s | ETA 0.8 min)
    Tokenized 1,090,000/1,369,530 (4748 inst/s | ETA 1.0 min)
    Tokenized 1,180,000/1,369,530 (5116 inst/s | ETA 0.6 min)
    Tokenized 1,150,000/1,369,530 (5040 inst/s | ETA 0.7 min)
    Tokenized 1,145,000/1,369,530 (5064 inst/s | ETA 0.7 min)
    Tokenized 1,095,000/1,369,530 (4750 inst/s | ETA 1.0 min)
    Tokenized 1,185,000/1,369,530 (5119 inst/s | ETA 0.6 min)
    Tokenized 1,155,000/1,369,530 (5043 inst/s | ETA 0.7 min)
    Tokenized 1,150,000/1,369,530 (5068 inst/s | ETA 0.7 min)
    Tokenized 1,160,000/1,369,530 (5046 inst/s | ETA 0.7 min)
    Tokenized 1,190,000/1,369,530 (5122 inst/s | ETA 0.6 min)
    Tokenized 1,100,000/1,369,530 (4751 inst/s | ETA 0.9 min)
    Tokenized 1,155,000/1,369,530 (5070 inst/s | ETA 0.7 min)
    Tokenized 1,165,000/1,369,530 (5046 inst/s | ETA 0.7 min)
    Tokenized 1,105,000/1,369,530 (4751 inst/s | ETA 0.9 min)
    Tokenized 1,160,000/1,369,530 (5073 inst/s | ETA 0.7 min)
    Tokenized 1,110,000/1,369,530 (4754 inst/s | ETA 0.9 min)
    Tokenized 1,170,000/1,369,530 (5046 inst/s | ETA 0.7 min)
    Tokenized 1,165,000/1,369,530 (5074 inst/s | ETA 0.7 min)
    Tokenized 1,115,000/1,369,530 (4756 inst/s | ETA 0.9 min)
    Tokenized 1,175,000/1,369,530 (5046 inst/s | ETA 0.6 min)
    Tokenized 1,170,000/1,369,530 (5075 inst/s | ETA 0.7 min)
    Tokenized 1,180,000/1,369,530 (5049 inst/s | ETA 0.6 min)
    Tokenized 1,120,000/1,369,530 (4761 inst/s | ETA 0.9 min)
    Tokenized 1,125,000/1,369,530 (4764 inst/s | ETA 0.9 min)
    Tokenized 1,185,000/1,369,530 (5050 inst/s | ETA 0.6 min)
    Tokenized 1,130,000/1,369,530 (4766 inst/s | ETA 0.8 min)
    Tokenized 1,190,000/1,369,530 (5052 inst/s | ETA 0.6 min)
    Tokenized 1,135,000/1,369,530 (4769 inst/s | ETA 0.8 min)
    Tokenized 1,140,000/1,369,530 (4774 inst/s | ETA 0.8 min)
    Tokenized 1,145,000/1,369,530 (4779 inst/s | ETA 0.8 min)
    Tokenized 1,195,000/1,369,530 (4968 inst/s | ETA 0.6 min)
    Tokenized 1,150,000/1,369,530 (4783 inst/s | ETA 0.8 min)
    Tokenized 1,200,000/1,369,530 (4972 inst/s | ETA 0.6 min)
    Tokenized 1,155,000/1,369,530 (4786 inst/s | ETA 0.7 min)
    Tokenized 1,205,000/1,369,530 (4975 inst/s | ETA 0.6 min)
    Tokenized 1,210,000/1,369,530 (4978 inst/s | ETA 0.5 min)
    Tokenized 1,160,000/1,369,530 (4789 inst/s | ETA 0.7 min)
    Tokenized 1,215,000/1,369,530 (4981 inst/s | ETA 0.5 min)
    Tokenized 1,175,000/1,369,530 (4917 inst/s | ETA 0.7 min)
    Tokenized 1,165,000/1,369,530 (4789 inst/s | ETA 0.7 min)
    Tokenized 1,220,000/1,369,530 (4984 inst/s | ETA 0.5 min)
    Tokenized 1,180,000/1,369,530 (4921 inst/s | ETA 0.6 min)
    Tokenized 1,170,000/1,369,530 (4791 inst/s | ETA 0.7 min)
    Tokenized 1,225,000/1,369,530 (4985 inst/s | ETA 0.5 min)
    Tokenized 1,185,000/1,369,530 (4924 inst/s | ETA 0.6 min)
    Tokenized 1,195,000/1,369,530 (4898 inst/s | ETA 0.6 min)
    Tokenized 1,230,000/1,369,530 (4982 inst/s | ETA 0.5 min)
    Tokenized 1,200,000/1,369,530 (4902 inst/s | ETA 0.6 min)
    Tokenized 1,190,000/1,369,530 (4926 inst/s | ETA 0.6 min)
    Tokenized 1,195,000/1,369,530 (4931 inst/s | ETA 0.6 min)
    Tokenized 1,235,000/1,369,530 (4982 inst/s | ETA 0.5 min)
    Tokenized 1,205,000/1,369,530 (4904 inst/s | ETA 0.6 min)
    Tokenized 1,200,000/1,369,530 (4934 inst/s | ETA 0.6 min)
    Tokenized 1,240,000/1,369,530 (4982 inst/s | ETA 0.4 min)
    Tokenized 1,210,000/1,369,530 (4907 inst/s | ETA 0.5 min)
    Tokenized 1,205,000/1,369,530 (4936 inst/s | ETA 0.6 min)
    Tokenized 1,245,000/1,369,530 (4984 inst/s | ETA 0.4 min)
    Tokenized 1,215,000/1,369,530 (4909 inst/s | ETA 0.5 min)
    Tokenized 1,210,000/1,369,530 (4938 inst/s | ETA 0.5 min)
    Tokenized 1,250,000/1,369,530 (4984 inst/s | ETA 0.4 min)
    Tokenized 1,215,000/1,369,530 (4940 inst/s | ETA 0.5 min)
    Tokenized 1,220,000/1,369,530 (4911 inst/s | ETA 0.5 min)
    Tokenized 1,255,000/1,369,530 (4983 inst/s | ETA 0.4 min)
    Tokenized 1,220,000/1,369,530 (4941 inst/s | ETA 0.5 min)
    Tokenized 1,225,000/1,369,530 (4913 inst/s | ETA 0.5 min)
    Tokenized 1,230,000/1,369,530 (4915 inst/s | ETA 0.5 min)
    Tokenized 1,260,000/1,369,530 (4982 inst/s | ETA 0.4 min)
    Tokenized 1,225,000/1,369,530 (4943 inst/s | ETA 0.5 min)
    Tokenized 1,235,000/1,369,530 (4918 inst/s | ETA 0.5 min)
    Tokenized 1,265,000/1,369,530 (4985 inst/s | ETA 0.3 min)
    Tokenized 1,230,000/1,369,530 (4945 inst/s | ETA 0.5 min)
    Tokenized 1,240,000/1,369,530 (4920 inst/s | ETA 0.4 min)
    Tokenized 1,270,000/1,369,530 (4985 inst/s | ETA 0.3 min)
    Tokenized 1,235,000/1,369,530 (4947 inst/s | ETA 0.5 min)
    Tokenized 1,175,000/1,369,530 (4620 inst/s | ETA 0.7 min)
    Tokenized 1,245,000/1,369,530 (4923 inst/s | ETA 0.4 min)
    Tokenized 1,240,000/1,369,530 (4949 inst/s | ETA 0.4 min)
    Tokenized 1,275,000/1,369,530 (4986 inst/s | ETA 0.3 min)
    Tokenized 1,180,000/1,369,530 (4624 inst/s | ETA 0.7 min)
    Tokenized 1,250,000/1,369,530 (4925 inst/s | ETA 0.4 min)
    Tokenized 1,280,000/1,369,530 (4990 inst/s | ETA 0.3 min)
    Tokenized 1,245,000/1,369,530 (4951 inst/s | ETA 0.4 min)
    Tokenized 1,185,000/1,369,530 (4627 inst/s | ETA 0.7 min)
    Tokenized 1,255,000/1,369,530 (4926 inst/s | ETA 0.4 min)
    Tokenized 1,285,000/1,369,530 (4990 inst/s | ETA 0.3 min)
    Tokenized 1,250,000/1,369,530 (4952 inst/s | ETA 0.4 min)
    Tokenized 1,190,000/1,369,530 (4631 inst/s | ETA 0.6 min)
    Tokenized 1,260,000/1,369,530 (4927 inst/s | ETA 0.4 min)
    Tokenized 1,290,000/1,369,530 (4992 inst/s | ETA 0.3 min)
    Tokenized 1,255,000/1,369,530 (4953 inst/s | ETA 0.4 min)
    Tokenized 1,195,000/1,369,530 (4636 inst/s | ETA 0.6 min)
    Tokenized 1,265,000/1,369,530 (4930 inst/s | ETA 0.4 min)
    Tokenized 1,295,000/1,369,530 (4994 inst/s | ETA 0.2 min)
    Tokenized 1,200,000/1,369,530 (4638 inst/s | ETA 0.6 min)
    Tokenized 1,260,000/1,369,530 (4954 inst/s | ETA 0.4 min)
    Tokenized 1,270,000/1,369,530 (4932 inst/s | ETA 0.3 min)
    Tokenized 1,300,000/1,369,530 (4996 inst/s | ETA 0.2 min)
    Tokenized 1,265,000/1,369,530 (4958 inst/s | ETA 0.4 min)
    Tokenized 1,205,000/1,369,530 (4641 inst/s | ETA 0.6 min)
    Tokenized 1,275,000/1,369,530 (4933 inst/s | ETA 0.3 min)
    Tokenized 1,270,000/1,369,530 (4960 inst/s | ETA 0.3 min)
    Tokenized 1,305,000/1,369,530 (4997 inst/s | ETA 0.2 min)
    Tokenized 1,210,000/1,369,530 (4645 inst/s | ETA 0.6 min)
    Tokenized 1,280,000/1,369,530 (4937 inst/s | ETA 0.3 min)
    Tokenized 1,275,000/1,369,530 (4963 inst/s | ETA 0.3 min)
    Tokenized 1,310,000/1,369,530 (4996 inst/s | ETA 0.2 min)
    Tokenized 1,215,000/1,369,530 (4647 inst/s | ETA 0.6 min)
    Tokenized 1,285,000/1,369,530 (4938 inst/s | ETA 0.3 min)
    Tokenized 1,280,000/1,369,530 (4968 inst/s | ETA 0.3 min)
    Tokenized 1,315,000/1,369,530 (4997 inst/s | ETA 0.2 min)
    Tokenized 1,220,000/1,369,530 (4650 inst/s | ETA 0.5 min)
    Tokenized 1,285,000/1,369,530 (4970 inst/s | ETA 0.3 min)
    Tokenized 1,290,000/1,369,530 (4938 inst/s | ETA 0.3 min)
    Tokenized 1,225,000/1,369,530 (4653 inst/s | ETA 0.5 min)
    Tokenized 1,320,000/1,369,530 (4996 inst/s | ETA 0.2 min)
    Tokenized 1,290,000/1,369,530 (4973 inst/s | ETA 0.3 min)
    Tokenized 1,295,000/1,369,530 (4939 inst/s | ETA 0.3 min)
    Tokenized 1,230,000/1,369,530 (4656 inst/s | ETA 0.5 min)
    Tokenized 1,325,000/1,369,530 (4996 inst/s | ETA 0.1 min)
    Tokenized 1,295,000/1,369,530 (4975 inst/s | ETA 0.2 min)
    Tokenized 1,300,000/1,369,530 (4942 inst/s | ETA 0.2 min)
    Tokenized 1,235,000/1,369,530 (4659 inst/s | ETA 0.5 min)
    Tokenized 1,300,000/1,369,530 (4979 inst/s | ETA 0.2 min)
    Tokenized 1,305,000/1,369,530 (4945 inst/s | ETA 0.2 min)
    Tokenized 1,330,000/1,369,530 (4991 inst/s | ETA 0.1 min)
    Tokenized 1,240,000/1,369,530 (4662 inst/s | ETA 0.5 min)
    Tokenized 1,305,000/1,369,530 (4982 inst/s | ETA 0.2 min)
    Tokenized 1,335,000/1,369,530 (4991 inst/s | ETA 0.1 min)
    Tokenized 1,245,000/1,369,530 (4665 inst/s | ETA 0.4 min)
    Tokenized 1,310,000/1,369,530 (4946 inst/s | ETA 0.2 min)
    Tokenized 1,310,000/1,369,530 (4984 inst/s | ETA 0.2 min)
    Tokenized 1,315,000/1,369,530 (4949 inst/s | ETA 0.2 min)
    Tokenized 1,340,000/1,369,530 (4991 inst/s | ETA 0.1 min)
    Tokenized 1,250,000/1,369,530 (4668 inst/s | ETA 0.4 min)
    Tokenized 1,315,000/1,369,530 (4988 inst/s | ETA 0.2 min)
    Tokenized 1,320,000/1,369,530 (4950 inst/s | ETA 0.2 min)
    Tokenized 1,345,000/1,369,530 (4991 inst/s | ETA 0.1 min)
    Tokenized 1,255,000/1,369,530 (4669 inst/s | ETA 0.4 min)
    Tokenized 1,320,000/1,369,530 (4988 inst/s | ETA 0.2 min)
    Tokenized 1,325,000/1,369,530 (4950 inst/s | ETA 0.1 min)
    Tokenized 1,350,000/1,369,530 (4989 inst/s | ETA 0.1 min)
    Tokenized 1,260,000/1,369,530 (4670 inst/s | ETA 0.4 min)
    Tokenized 1,325,000/1,369,530 (4989 inst/s | ETA 0.1 min)
    Tokenized 1,330,000/1,369,530 (4951 inst/s | ETA 0.1 min)
    Tokenized 1,265,000/1,369,530 (4674 inst/s | ETA 0.4 min)
    Tokenized 1,330,000/1,369,530 (4991 inst/s | ETA 0.1 min)
    Tokenized 1,355,000/1,369,530 (4986 inst/s | ETA 0.0 min)
    Tokenized 1,335,000/1,369,530 (4952 inst/s | ETA 0.1 min)
    Tokenized 1,270,000/1,369,530 (4677 inst/s | ETA 0.4 min)
    Tokenized 1,335,000/1,369,530 (4992 inst/s | ETA 0.1 min)
    Tokenized 1,340,000/1,369,530 (4953 inst/s | ETA 0.1 min)
    Tokenized 1,360,000/1,369,530 (4983 inst/s | ETA 0.0 min)
    Tokenized 1,275,000/1,369,530 (4680 inst/s | ETA 0.3 min)
    Tokenized 1,340,000/1,369,530 (4995 inst/s | ETA 0.1 min)
    Tokenized 1,365,000/1,369,530 (4983 inst/s | ETA 0.0 min)
    Tokenized 1,345,000/1,369,530 (4956 inst/s | ETA 0.1 min)
    Tokenized 1,280,000/1,369,530 (4685 inst/s | ETA 0.3 min)
    Tokenized 1,345,000/1,369,530 (4998 inst/s | ETA 0.1 min)
    Tokenized 1,350,000/1,369,530 (4957 inst/s | ETA 0.1 min)
    Tokenized 1,369,530/1,369,530 (4981 inst/s | ETA 0.0 min)
    Tokenized 1,285,000/1,369,530 (4688 inst/s | ETA 0.3 min)
    Tokenized 1,350,000/1,369,530 (4999 inst/s | ETA 0.1 min)
    Tokenized 1,290,000/1,369,530 (4692 inst/s | ETA 0.3 min)
    Tokenized 1,355,000/1,369,530 (4958 inst/s | ETA 0.0 min)
    Tokenized 1,355,000/1,369,530 (5001 inst/s | ETA 0.0 min)
    Tokenized 1,360,000/1,369,530 (4962 inst/s | ETA 0.0 min)
    Tokenized 1,295,000/1,369,530 (4695 inst/s | ETA 0.3 min)
    Tokenized 1,365,000/1,369,530 (4965 inst/s | ETA 0.0 min)
    Tokenized 1,300,000/1,369,530 (4697 inst/s | ETA 0.2 min)
    Tokenized 1,369,530/1,369,530 (4965 inst/s | ETA 0.0 min)
    Tokenized 1,305,000/1,369,530 (4701 inst/s | ETA 0.2 min)
    Tokenized 1,310,000/1,369,530 (4704 inst/s | ETA 0.2 min)
    Tokenized 1,315,000/1,369,530 (4707 inst/s | ETA 0.2 min)
    Tokenized 1,320,000/1,369,530 (4710 inst/s | ETA 0.2 min)
    Tokenized 1,325,000/1,369,530 (4711 inst/s | ETA 0.2 min)
    Tokenized 1,330,000/1,369,530 (4714 inst/s | ETA 0.1 min)
    Tokenized 1,335,000/1,369,530 (4715 inst/s | ETA 0.1 min)
    Tokenized 1,340,000/1,369,530 (4718 inst/s | ETA 0.1 min)
    Tokenized 1,360,000/1,369,530 (4858 inst/s | ETA 0.0 min)
    Tokenized 1,345,000/1,369,530 (4722 inst/s | ETA 0.1 min)
    Tokenized 1,365,000/1,369,530 (4861 inst/s | ETA 0.0 min)
    Tokenized 1,350,000/1,369,530 (4724 inst/s | ETA 0.1 min)
    Tokenized 1,369,530/1,369,530 (4862 inst/s | ETA 0.0 min)
    Tokenized 1,355,000/1,369,530 (4726 inst/s | ETA 0.1 min)
    Tokenized 1,360,000/1,369,530 (4580 inst/s | ETA 0.0 min)
    Tokenized 1,365,000/1,369,530 (4583 inst/s | ETA 0.0 min)
    Tokenized 1,369,530/1,369,530 (4583 inst/s | ETA 0.0 min)
  Tokenization complete: 320.2s | shape (1369530, 256)
  Tokenization complete: 322.5s | shape (1369530, 256)
  Tokenization complete: 329.3s | shape (1369530, 256)
  Tokenization complete: 344.9s | shape (1369530, 256)
  Runner interrupted due to worker preemption. Your Function will be restarted with the same input. For more details, see https://modal.com/docs/guide/preemption
  Runner interrupted due to worker preemption. Your Function will be restarted with the same input. For more details, see https://modal.com/docs/guide/preemption
  Data ready: eng_test_blind.txt
  Data ready: bilingual_test_blind.txt
  Device: cuda  |  track=bil  |  stochastic=True  |  batch_size=512
  Device: cuda  |  track=eng  |  stochastic=True  |  batch_size=512
  Data ready: rus_test_blind.txt
  Device: cuda  |  track=rus  |  stochastic=True  |  batch_size=512
  2026-05-11 18:45:41,565 - root - INFO - Loading BERT pre-trained checkpoint.
  2026-05-11 18:45:41,618 - httpx - INFO - HTTP Request: HEAD https://huggingface.co/bert-base-multilingual-cased/resolve/main/config.json "HTTP/1.1 200 OK"
  2026-05-11 18:45:41,641 - httpx - INFO - HTTP Request: GET https://huggingface.co/bert-base-multilingual-cased/resolve/main/config.json "HTTP/1.1 200 OK"
  2026-05-11 18:45:41,670 - httpx - INFO - HTTP Request: HEAD https://huggingface.co/bert-base-multilingual-cased/resolve/main/model.safetensors "HTTP/1.1 302 Found"
  Warning: You are sending unauthenticated requests to the HF Hub. Please set a HF_TOKEN to enable higher rate limits and faster downloads.
  2026-05-11 18:45:41,670 - huggingface_hub.utils._http - WARNING - Warning: You are sending unauthenticated requests to the HF Hub. Please set a HF_TOKEN to enable higher rate limits and faster downloads.
  2026-05-11 18:45:41,704 - httpx - INFO - HTTP Request: GET https://huggingface.co/api/models/google-bert/bert-base-multilingual-cased/xet-read-token/3f076fdb1ab68d5b2880cb87a0886f315b8146f8 "HTTP/1.1 200 OK"
  2026-05-11 18:45:41,912 - root - INFO - Loading BERT pre-trained checkpoint.
  2026-05-11 18:45:41,968 - httpx - INFO - HTTP Request: HEAD https://huggingface.co/bert-base-multilingual-cased/resolve/main/config.json "HTTP/1.1 200 OK"
  2026-05-11 18:45:41,994 - httpx - INFO - HTTP Request: GET https://huggingface.co/bert-base-multilingual-cased/resolve/main/config.json "HTTP/1.1 200 OK"
  Warning: You are sending unauthenticated requests to the HF Hub. Please set a HF_TOKEN to enable higher rate limits and faster downloads.
  2026-05-11 18:45:41,994 - huggingface_hub.utils._http - WARNING - Warning: You are sending unauthenticated requests to the HF Hub. Please set a HF_TOKEN to enable higher rate limits and faster downloads.
  2026-05-11 18:45:42,023 - httpx - INFO - HTTP Request: HEAD https://huggingface.co/bert-base-multilingual-cased/resolve/main/model.safetensors "HTTP/1.1 302 Found"
  2026-05-11 18:45:42,065 - httpx - INFO - HTTP Request: GET https://huggingface.co/api/models/google-bert/bert-base-multilingual-cased/xet-read-token/3f076fdb1ab68d5b2880cb87a0886f315b8146f8 "HTTP/1.1 200 OK"
  2026-05-11 18:45:43,943 - root - INFO - Loading BERT pre-trained checkpoint.
  2026-05-11 18:45:44,167 - httpx - INFO - HTTP Request: HEAD https://huggingface.co/bert-base-multilingual-cased/resolve/main/config.json "HTTP/1.1 200 OK"
  2026-05-11 18:45:44,369 - httpx - INFO - HTTP Request: GET https://huggingface.co/bert-base-multilingual-cased/resolve/main/config.json "HTTP/1.1 200 OK"
  Warning: You are sending unauthenticated requests to the HF Hub. Please set a HF_TOKEN to enable higher rate limits and faster downloads.
  2026-05-11 18:45:44,369 - huggingface_hub.utils._http - WARNING - Warning: You are sending unauthenticated requests to the HF Hub. Please set a HF_TOKEN to enable higher rate limits and faster downloads.
  2026-05-11 18:45:44,575 - httpx - INFO - HTTP Request: HEAD https://huggingface.co/bert-base-multilingual-cased/resolve/main/model.safetensors "HTTP/1.1 302 Found"
  2026-05-11 18:45:44,792 - httpx - INFO - HTTP Request: GET https://huggingface.co/api/models/google-bert/bert-base-multilingual-cased/xet-read-token/3f076fdb1ab68d5b2880cb87a0886f315b8146f8 "HTTP/1.1 200 OK"
  
  [1ALoading weights:   0%|          | 0/199 [00:00<?, ?it/s]
  [1ALoading weights: 100%|██████████| 199/199 [00:00<00:00, 3104.30it/s]
  [transformers] [1mBertModel LOAD REPORT[0m from: bert-base-multilingual-cased
  Key                                        | Status     |  |
  -------------------------------------------+------------+--+-
  cls.predictions.transform.dense.bias       | UNEXPECTED |  |
  cls.predictions.transform.dense.weight     | UNEXPECTED |  |
  cls.seq_relationship.weight                | UNEXPECTED |  |
  cls.predictions.transform.LayerNorm.bias   | UNEXPECTED |  |
  cls.predictions.transform.LayerNorm.weight | UNEXPECTED |  |
  cls.seq_relationship.bias                  | UNEXPECTED |  |
  cls.predictions.bias                       | UNEXPECTED |  |
  
  Notes:
  - UNEXPECTED:   can be ignored when loading from different task/architecture; not ok if you expect identical arch.
  2026-05-11 18:45:45,088 - httpx - INFO - HTTP Request: HEAD https://huggingface.co/bert-base-multilingual-cased/resolve/main/tokenizer_config.json "HTTP/1.1 200 OK"
  2026-05-11 18:45:45,106 - httpx - INFO - HTTP Request: GET https://huggingface.co/bert-base-multilingual-cased/resolve/main/tokenizer_config.json "HTTP/1.1 200 OK"
  2026-05-11 18:45:45,129 - httpx - INFO - HTTP Request: GET https://huggingface.co/api/models/bert-base-multilingual-cased/tree/main/additional_chat_templates?recursive=false&expand=false "HTTP/1.1 307 Temporary Redirect"
  2026-05-11 18:45:45,145 - httpx - INFO - HTTP Request: GET https://huggingface.co/api/models/google-bert/bert-base-multilingual-cased/tree/main/additional_chat_templates?recursive=false&expand=false "HTTP/1.1 404 Not Found"
  2026-05-11 18:45:45,162 - httpx - INFO - HTTP Request: GET https://huggingface.co/api/models/bert-base-multilingual-cased/tree/main?recursive=true&expand=false "HTTP/1.1 307 Temporary Redirect"
  2026-05-11 18:45:45,178 - httpx - INFO - HTTP Request: GET https://huggingface.co/api/models/google-bert/bert-base-multilingual-cased/tree/main?recursive=true&expand=false "HTTP/1.1 200 OK"
  2026-05-11 18:45:45,198 - httpx - INFO - HTTP Request: HEAD https://huggingface.co/bert-base-multilingual-cased/resolve/main/vocab.txt "HTTP/1.1 200 OK"
  2026-05-11 18:45:45,223 - httpx - INFO - HTTP Request: GET https://huggingface.co/bert-base-multilingual-cased/resolve/main/vocab.txt "HTTP/1.1 200 OK"
  2026-05-11 18:45:45,282 - httpx - INFO - HTTP Request: HEAD https://huggingface.co/bert-base-multilingual-cased/resolve/main/tokenizer.json "HTTP/1.1 200 OK"
  2026-05-11 18:45:45,302 - httpx - INFO - HTTP Request: GET https://huggingface.co/bert-base-multilingual-cased/resolve/main/tokenizer.json "HTTP/1.1 200 OK"
  2026-05-11 18:45:45,366 - httpx - INFO - HTTP Request: HEAD https://huggingface.co/bert-base-multilingual-cased/resolve/main/added_tokens.json "HTTP/1.1 404 Not Found"
  2026-05-11 18:45:45,385 - httpx - INFO - HTTP Request: HEAD https://huggingface.co/bert-base-multilingual-cased/resolve/main/special_tokens_map.json "HTTP/1.1 404 Not Found"
  2026-05-11 18:45:45,405 - httpx - INFO - HTTP Request: HEAD https://huggingface.co/bert-base-multilingual-cased/resolve/main/chat_template.jinja "HTTP/1.1 404 Not Found"
  2026-05-11 18:45:45,701 - httpx - INFO - HTTP Request: GET https://huggingface.co/api/models/bert-base-multilingual-cased "HTTP/1.1 307 Temporary Redirect"
  2026-05-11 18:45:45,722 - httpx - INFO - HTTP Request: GET https://huggingface.co/api/models/google-bert/bert-base-multilingual-cased "HTTP/1.1 200 OK"
  
  [1ALoading weights:   0%|          | 0/199 [00:00<?, ?it/s]
  [1ALoading weights: 100%|██████████| 199/199 [00:00<00:00, 2337.91it/s]
  [transformers] [1mBertModel LOAD REPORT[0m from: bert-base-multilingual-cased
  Key                                        | Status     |  |
  -------------------------------------------+------------+--+-
  cls.predictions.transform.dense.bias       | UNEXPECTED |  |
  cls.predictions.bias                       | UNEXPECTED |  |
  cls.predictions.transform.dense.weight     | UNEXPECTED |  |
  cls.seq_relationship.weight                | UNEXPECTED |  |
  cls.predictions.transform.LayerNorm.bias   | UNEXPECTED |  |
  cls.predictions.transform.LayerNorm.weight | UNEXPECTED |  |
  cls.seq_relationship.bias                  | UNEXPECTED |  |
  
  Notes:
  - UNEXPECTED:   can be ignored when loading from different task/architecture; not ok if you expect identical arch.
  2026-05-11 18:45:47,003 - httpx - INFO - HTTP Request: HEAD https://huggingface.co/bert-base-multilingual-cased/resolve/main/tokenizer_config.json "HTTP/1.1 200 OK"
  2026-05-11 18:45:47,027 - httpx - INFO - HTTP Request: GET https://huggingface.co/bert-base-multilingual-cased/resolve/main/tokenizer_config.json "HTTP/1.1 200 OK"
  2026-05-11 18:45:47,054 - httpx - INFO - HTTP Request: GET https://huggingface.co/api/models/bert-base-multilingual-cased/tree/main/additional_chat_templates?recursive=false&expand=false "HTTP/1.1 307 Temporary Redirect"
  2026-05-11 18:45:47,081 - httpx - INFO - HTTP Request: GET https://huggingface.co/api/models/google-bert/bert-base-multilingual-cased/tree/main/additional_chat_templates?recursive=false&expand=false "HTTP/1.1 404 Not Found"
  2026-05-11 18:45:47,100 - httpx - INFO - HTTP Request: GET https://huggingface.co/api/models/bert-base-multilingual-cased/tree/main?recursive=true&expand=false "HTTP/1.1 307 Temporary Redirect"
  2026-05-11 18:45:47,121 - httpx - INFO - HTTP Request: GET https://huggingface.co/api/models/google-bert/bert-base-multilingual-cased/tree/main?recursive=true&expand=false "HTTP/1.1 200 OK"
  2026-05-11 18:45:47,147 - httpx - INFO - HTTP Request: HEAD https://huggingface.co/bert-base-multilingual-cased/resolve/main/vocab.txt "HTTP/1.1 200 OK"
  2026-05-11 18:45:47,166 - httpx - INFO - HTTP Request: GET https://huggingface.co/bert-base-multilingual-cased/resolve/main/vocab.txt "HTTP/1.1 200 OK"
  2026-05-11 18:45:47,211 - httpx - INFO - HTTP Request: HEAD https://huggingface.co/bert-base-multilingual-cased/resolve/main/tokenizer.json "HTTP/1.1 200 OK"
  2026-05-11 18:45:47,254 - httpx - INFO - HTTP Request: GET https://huggingface.co/bert-base-multilingual-cased/resolve/main/tokenizer.json "HTTP/1.1 200 OK"
  2026-05-11 18:45:47,357 - httpx - INFO - HTTP Request: HEAD https://huggingface.co/bert-base-multilingual-cased/resolve/main/added_tokens.json "HTTP/1.1 404 Not Found"
  2026-05-11 18:45:47,382 - httpx - INFO - HTTP Request: HEAD https://huggingface.co/bert-base-multilingual-cased/resolve/main/special_tokens_map.json "HTTP/1.1 404 Not Found"
  2026-05-11 18:45:47,409 - httpx - INFO - HTTP Request: HEAD https://huggingface.co/bert-base-multilingual-cased/resolve/main/chat_template.jinja "HTTP/1.1 404 Not Found"
  2026-05-11 18:45:47,921 - httpx - INFO - HTTP Request: GET https://huggingface.co/api/models/bert-base-multilingual-cased "HTTP/1.1 307 Temporary Redirect"
  2026-05-11 18:45:47,940 - httpx - INFO - HTTP Request: GET https://huggingface.co/api/models/google-bert/bert-base-multilingual-cased "HTTP/1.1 200 OK"
  
  [1ALoading weights:   0%|          | 0/199 [00:00<?, ?it/s]Loading weights: 100%|██████████| 199/199 [00:00<00:00, 2844.28it/s]
  [transformers] [1mBertModel LOAD REPORT[0m from: bert-base-multilingual-cased
  Key                                        | Status     |  |
  -------------------------------------------+------------+--+-
  cls.seq_relationship.bias                  | UNEXPECTED |  |
  cls.predictions.transform.LayerNorm.weight | UNEXPECTED |  |
  cls.seq_relationship.weight                | UNEXPECTED |  |
  cls.predictions.transform.LayerNorm.bias   | UNEXPECTED |  |
  cls.predictions.transform.dense.bias       | UNEXPECTED |  |
  cls.predictions.bias                       | UNEXPECTED |  |
  cls.predictions.transform.dense.weight     | UNEXPECTED |  |
  
  Notes:
  - UNEXPECTED:   can be ignored when loading from different task/architecture; not ok if you expect identical arch.
  2026-05-11 18:45:49,079 - httpx - INFO - HTTP Request: HEAD https://huggingface.co/bert-base-multilingual-cased/resolve/main/tokenizer_config.json "HTTP/1.1 200 OK"
  2026-05-11 18:45:49,285 - httpx - INFO - HTTP Request: GET https://huggingface.co/bert-base-multilingual-cased/resolve/main/tokenizer_config.json "HTTP/1.1 200 OK"
  2026-05-11 18:45:49,483 - httpx - INFO - HTTP Request: GET https://huggingface.co/api/models/bert-base-multilingual-cased/tree/main/additional_chat_templates?recursive=false&expand=false "HTTP/1.1 307 Temporary Redirect"
  2026-05-11 18:45:49,683 - httpx - INFO - HTTP Request: GET https://huggingface.co/api/models/google-bert/bert-base-multilingual-cased/tree/main/additional_chat_templates?recursive=false&expand=false "HTTP/1.1 404 Not Found"
  2026-05-11 18:45:49,881 - httpx - INFO - HTTP Request: GET https://huggingface.co/api/models/bert-base-multilingual-cased/tree/main?recursive=true&expand=false "HTTP/1.1 307 Temporary Redirect"
  2026-05-11 18:45:50,081 - httpx - INFO - HTTP Request: GET https://huggingface.co/api/models/google-bert/bert-base-multilingual-cased/tree/main?recursive=true&expand=false "HTTP/1.1 200 OK"
  2026-05-11 18:45:50,283 - httpx - INFO - HTTP Request: HEAD https://huggingface.co/bert-base-multilingual-cased/resolve/main/vocab.txt "HTTP/1.1 200 OK"
  2026-05-11 18:45:50,487 - httpx - INFO - HTTP Request: GET https://huggingface.co/bert-base-multilingual-cased/resolve/main/vocab.txt "HTTP/1.1 200 OK"
  Model loaded.
    batch 100/1078 | 51,200/551,446 inst | 153 inst/s | ETA 54.3 min
  2026-05-11 18:45:51,284 - httpx - INFO - HTTP Request: HEAD https://huggingface.co/bert-base-multilingual-cased/resolve/main/tokenizer.json "HTTP/1.1 200 OK"
  2026-05-11 18:45:51,488 - httpx - INFO - HTTP Request: GET https://huggingface.co/bert-base-multilingual-cased/resolve/main/tokenizer.json "HTTP/1.1 200 OK"
  Model loaded.
  2026-05-11 18:45:52,465 - httpx - INFO - HTTP Request: HEAD https://huggingface.co/bert-base-multilingual-cased/resolve/main/added_tokens.json "HTTP/1.1 404 Not Found"
  2026-05-11 18:45:52,664 - httpx - INFO - HTTP Request: HEAD https://huggingface.co/bert-base-multilingual-cased/resolve/main/special_tokens_map.json "HTTP/1.1 404 Not Found"
  2026-05-11 18:45:52,864 - httpx - INFO - HTTP Request: HEAD https://huggingface.co/bert-base-multilingual-cased/resolve/main/chat_template.jinja "HTTP/1.1 404 Not Found"
  2026-05-11 18:45:53,470 - httpx - INFO - HTTP Request: GET https://huggingface.co/api/models/bert-base-multilingual-cased "HTTP/1.1 307 Temporary Redirect"
  2026-05-11 18:45:53,675 - httpx - INFO - HTTP Request: GET https://huggingface.co/api/models/google-bert/bert-base-multilingual-cased "HTTP/1.1 200 OK"
  Model loaded.
  Loaded 818,084 instances.
  2026-05-11 18:46:13,666 - httpx - INFO - HTTP Request: HEAD https://huggingface.co/bert-base-multilingual-cased/resolve/main/tokenizer_config.json "HTTP/1.1 200 OK"
  2026-05-11 18:46:13,686 - httpx - INFO - HTTP Request: GET https://huggingface.co/api/models/bert-base-multilingual-cased/tree/main/additional_chat_templates?recursive=false&expand=false "HTTP/1.1 307 Temporary Redirect"
  2026-05-11 18:46:13,717 - httpx - INFO - HTTP Request: GET https://huggingface.co/api/models/google-bert/bert-base-multilingual-cased/tree/main/additional_chat_templates?recursive=false&expand=false "HTTP/1.1 404 Not Found"
  2026-05-11 18:46:13,755 - httpx - INFO - HTTP Request: GET https://huggingface.co/api/models/bert-base-multilingual-cased/tree/main?recursive=true&expand=false "HTTP/1.1 307 Temporary Redirect"
  2026-05-11 18:46:13,777 - httpx - INFO - HTTP Request: GET https://huggingface.co/api/models/google-bert/bert-base-multilingual-cased/tree/main?recursive=true&expand=false "HTTP/1.1 200 OK"
  2026-05-11 18:46:14,263 - httpx - INFO - HTTP Request: GET https://huggingface.co/api/models/bert-base-multilingual-cased "HTTP/1.1 307 Temporary Redirect"
  2026-05-11 18:46:14,280 - httpx - INFO - HTTP Request: GET https://huggingface.co/api/models/google-bert/bert-base-multilingual-cased "HTTP/1.1 200 OK"
  Loaded 551,446 instances.
  2026-05-11 18:46:16,186 - httpx - INFO - HTTP Request: HEAD https://huggingface.co/bert-base-multilingual-cased/resolve/main/tokenizer_config.json "HTTP/1.1 200 OK"
  2026-05-11 18:46:16,495 - httpx - INFO - HTTP Request: GET https://huggingface.co/api/models/bert-base-multilingual-cased/tree/main/additional_chat_templates?recursive=false&expand=false "HTTP/1.1 307 Temporary Redirect"
    Tokenized 5,000/818,084 (1978 inst/s | ETA 6.9 min)
  2026-05-11 18:46:16,812 - httpx - INFO - HTTP Request: GET https://huggingface.co/api/models/google-bert/bert-base-multilingual-cased/tree/main/additional_chat_templates?recursive=false&expand=false "HTTP/1.1 404 Not Found"
  2026-05-11 18:46:17,123 - httpx - INFO - HTTP Request: GET https://huggingface.co/api/models/bert-base-multilingual-cased/tree/main?recursive=true&expand=false "HTTP/1.1 307 Temporary Redirect"
  2026-05-11 18:46:17,437 - httpx - INFO - HTTP Request: GET https://huggingface.co/api/models/google-bert/bert-base-multilingual-cased/tree/main?recursive=true&expand=false "HTTP/1.1 200 OK"
  2026-05-11 18:46:18,372 - httpx - INFO - HTTP Request: GET https://huggingface.co/api/models/bert-base-multilingual-cased "HTTP/1.1 307 Temporary Redirect"
  2026-05-11 18:46:18,690 - httpx - INFO - HTTP Request: GET https://huggingface.co/api/models/google-bert/bert-base-multilingual-cased "HTTP/1.1 200 OK"
    Tokenized 10,000/818,084 (2089 inst/s | ETA 6.4 min)
    Tokenized 15,000/818,084 (2652 inst/s | ETA 5.0 min)
    Tokenized 20,000/818,084 (3129 inst/s | ETA 4.3 min)
    Tokenized 25,000/818,084 (3527 inst/s | ETA 3.7 min)
    Tokenized 5,000/551,446 (1959 inst/s | ETA 4.6 min)
    Tokenized 30,000/818,084 (3816 inst/s | ETA 3.4 min)
    Tokenized 10,000/551,446 (2589 inst/s | ETA 3.5 min)
    Tokenized 35,000/818,084 (4054 inst/s | ETA 3.2 min)
    Tokenized 40,000/818,084 (4254 inst/s | ETA 3.0 min)
    Tokenized 15,000/551,446 (3115 inst/s | ETA 2.9 min)
    Tokenized 20,000/551,446 (3481 inst/s | ETA 2.5 min)
    Tokenized 25,000/551,446 (3781 inst/s | ETA 2.3 min)
    Tokenized 30,000/551,446 (3978 inst/s | ETA 2.2 min)
    Tokenized 45,000/818,084 (3427 inst/s | ETA 3.8 min)
    Tokenized 35,000/551,446 (4085 inst/s | ETA 2.1 min)
    Tokenized 50,000/818,084 (3542 inst/s | ETA 3.6 min)
    Tokenized 40,000/551,446 (4175 inst/s | ETA 2.0 min)
    Tokenized 55,000/818,084 (3704 inst/s | ETA 3.4 min)
    Tokenized 45,000/551,446 (4249 inst/s | ETA 2.0 min)
    Tokenized 60,000/818,084 (3877 inst/s | ETA 3.3 min)
    Tokenized 65,000/818,084 (4038 inst/s | ETA 3.1 min)
    Tokenized 50,000/551,446 (4315 inst/s | ETA 1.9 min)
    Tokenized 70,000/818,084 (4171 inst/s | ETA 3.0 min)
    Tokenized 75,000/818,084 (4313 inst/s | ETA 2.9 min)
    Tokenized 55,000/551,446 (4358 inst/s | ETA 1.9 min)
    Tokenized 80,000/818,084 (4437 inst/s | ETA 2.8 min)
    Tokenized 60,000/551,446 (4401 inst/s | ETA 1.9 min)
    Tokenized 85,000/818,084 (4507 inst/s | ETA 2.7 min)
    Tokenized 90,000/818,084 (4580 inst/s | ETA 2.6 min)
    Tokenized 95,000/818,084 (4660 inst/s | ETA 2.6 min)
    Tokenized 65,000/551,446 (4019 inst/s | ETA 2.0 min)
    Tokenized 100,000/818,084 (4715 inst/s | ETA 2.5 min)
    Tokenized 70,000/551,446 (4056 inst/s | ETA 2.0 min)
    Tokenized 105,000/818,084 (4777 inst/s | ETA 2.5 min)
    Tokenized 75,000/551,446 (4096 inst/s | ETA 1.9 min)
    Tokenized 110,000/818,084 (4837 inst/s | ETA 2.4 min)
    Tokenized 115,000/818,084 (4897 inst/s | ETA 2.4 min)
    Tokenized 80,000/551,446 (4128 inst/s | ETA 1.9 min)
    Tokenized 120,000/818,084 (4959 inst/s | ETA 2.3 min)
  Loaded 1,369,530 instances.
  2026-05-11 18:46:39,061 - httpx - INFO - HTTP Request: HEAD https://huggingface.co/bert-base-multilingual-cased/resolve/main/tokenizer_config.json "HTTP/1.1 200 OK"
  2026-05-11 18:46:39,085 - httpx - INFO - HTTP Request: GET https://huggingface.co/api/models/bert-base-multilingual-cased/tree/main/additional_chat_templates?recursive=false&expand=false "HTTP/1.1 307 Temporary Redirect"
  2026-05-11 18:46:39,112 - httpx - INFO - HTTP Request: GET https://huggingface.co/api/models/google-bert/bert-base-multilingual-cased/tree/main/additional_chat_templates?recursive=false&expand=false "HTTP/1.1 404 Not Found"
  2026-05-11 18:46:39,130 - httpx - INFO - HTTP Request: GET https://huggingface.co/api/models/bert-base-multilingual-cased/tree/main?recursive=true&expand=false "HTTP/1.1 307 Temporary Redirect"
    Tokenized 125,000/818,084 (5023 inst/s | ETA 2.3 min)
  2026-05-11 18:46:39,157 - httpx - INFO - HTTP Request: GET https://huggingface.co/api/models/google-bert/bert-base-multilingual-cased/tree/main?recursive=true&expand=false "HTTP/1.1 200 OK"
    Tokenized 85,000/551,446 (4146 inst/s | ETA 1.9 min)
    Tokenized 130,000/818,084 (5075 inst/s | ETA 2.3 min)
    Tokenized 90,000/551,446 (4166 inst/s | ETA 1.8 min)
  2026-05-11 18:46:40,370 - httpx - INFO - HTTP Request: GET https://huggingface.co/api/models/bert-base-multilingual-cased "HTTP/1.1 307 Temporary Redirect"
  2026-05-11 18:46:40,394 - httpx - INFO - HTTP Request: GET https://huggingface.co/api/models/google-bert/bert-base-multilingual-cased "HTTP/1.1 200 OK"
    Tokenized 95,000/551,446 (4194 inst/s | ETA 1.8 min)
    Tokenized 5,000/1,369,530 (2643 inst/s | ETA 8.6 min)
    Tokenized 100,000/551,446 (4219 inst/s | ETA 1.8 min)
    Tokenized 135,000/818,084 (4700 inst/s | ETA 2.4 min)
    batch 100/1598 | 51,200/818,084 inst | 159 inst/s | ETA 80.3 min
    Tokenized 105,000/551,446 (4232 inst/s | ETA 1.8 min)
    Tokenized 140,000/818,084 (4752 inst/s | ETA 2.4 min)
    Tokenized 10,000/1,369,530 (2591 inst/s | ETA 8.7 min)
    Tokenized 145,000/818,084 (4800 inst/s | ETA 2.3 min)
    Tokenized 110,000/551,446 (4245 inst/s | ETA 1.7 min)
    Tokenized 15,000/1,369,530 (3035 inst/s | ETA 7.4 min)
    Tokenized 150,000/818,084 (4841 inst/s | ETA 2.3 min)
    Tokenized 115,000/551,446 (4253 inst/s | ETA 1.7 min)
    Tokenized 155,000/818,084 (4884 inst/s | ETA 2.3 min)
    Tokenized 20,000/1,369,530 (3373 inst/s | ETA 6.7 min)
    Tokenized 160,000/818,084 (4923 inst/s | ETA 2.2 min)
    Tokenized 120,000/551,446 (4267 inst/s | ETA 1.7 min)
    Tokenized 25,000/1,369,530 (3603 inst/s | ETA 6.2 min)
    Tokenized 165,000/818,084 (4964 inst/s | ETA 2.2 min)
    Tokenized 125,000/551,446 (4283 inst/s | ETA 1.7 min)
    Tokenized 170,000/818,084 (5002 inst/s | ETA 2.2 min)
    Tokenized 30,000/1,369,530 (3793 inst/s | ETA 5.9 min)
    Tokenized 175,000/818,084 (5045 inst/s | ETA 2.1 min)
    Tokenized 35,000/1,369,530 (3947 inst/s | ETA 5.6 min)
    Tokenized 180,000/818,084 (5061 inst/s | ETA 2.1 min)
    Tokenized 40,000/1,369,530 (4038 inst/s | ETA 5.5 min)
    Tokenized 185,000/818,084 (5066 inst/s | ETA 2.1 min)
    Tokenized 130,000/551,446 (4047 inst/s | ETA 1.7 min)
    Tokenized 45,000/1,369,530 (4076 inst/s | ETA 5.4 min)
    Tokenized 190,000/818,084 (5069 inst/s | ETA 2.1 min)
    Tokenized 135,000/551,446 (4055 inst/s | ETA 1.7 min)
    Tokenized 195,000/818,084 (5089 inst/s | ETA 2.0 min)
    Tokenized 50,000/1,369,530 (4075 inst/s | ETA 5.4 min)
    Tokenized 140,000/551,446 (4043 inst/s | ETA 1.7 min)
    Tokenized 200,000/818,084 (5115 inst/s | ETA 2.0 min)
    Tokenized 55,000/1,369,530 (4099 inst/s | ETA 5.3 min)
    Tokenized 205,000/818,084 (5135 inst/s | ETA 2.0 min)
    Tokenized 145,000/551,446 (4051 inst/s | ETA 1.7 min)
    Tokenized 60,000/1,369,530 (4142 inst/s | ETA 5.3 min)
    Tokenized 210,000/818,084 (5144 inst/s | ETA 2.0 min)
    Tokenized 150,000/551,446 (4049 inst/s | ETA 1.7 min)
    Tokenized 65,000/1,369,530 (4179 inst/s | ETA 5.2 min)
    Tokenized 215,000/818,084 (5159 inst/s | ETA 1.9 min)
    Tokenized 220,000/818,084 (5177 inst/s | ETA 1.9 min)
    Tokenized 155,000/551,446 (4059 inst/s | ETA 1.6 min)
    Tokenized 160,000/551,446 (4067 inst/s | ETA 1.6 min)
    Tokenized 165,000/551,446 (4077 inst/s | ETA 1.6 min)
    Tokenized 225,000/818,084 (4890 inst/s | ETA 2.0 min)
    Tokenized 170,000/551,446 (4091 inst/s | ETA 1.6 min)
    Tokenized 230,000/818,084 (4914 inst/s | ETA 2.0 min)
    Tokenized 70,000/1,369,530 (3371 inst/s | ETA 6.4 min)
    Tokenized 175,000/551,446 (4105 inst/s | ETA 1.5 min)
    Tokenized 75,000/1,369,530 (3443 inst/s | ETA 6.3 min)
    Tokenized 235,000/818,084 (4913 inst/s | ETA 2.0 min)
    Tokenized 180,000/551,446 (4109 inst/s | ETA 1.5 min)
    Tokenized 240,000/818,084 (4903 inst/s | ETA 2.0 min)
    Tokenized 80,000/1,369,530 (3493 inst/s | ETA 6.2 min)
    Tokenized 185,000/551,446 (4111 inst/s | ETA 1.5 min)
    Tokenized 245,000/818,084 (4918 inst/s | ETA 1.9 min)
    Tokenized 85,000/1,369,530 (3494 inst/s | ETA 6.1 min)
    Tokenized 190,000/551,446 (4116 inst/s | ETA 1.5 min)
    Tokenized 250,000/818,084 (4934 inst/s | ETA 1.9 min)
    Tokenized 255,000/818,084 (4953 inst/s | ETA 1.9 min)
    Tokenized 90,000/1,369,530 (3520 inst/s | ETA 6.1 min)
    Tokenized 195,000/551,446 (4119 inst/s | ETA 1.4 min)
    Tokenized 260,000/818,084 (4979 inst/s | ETA 1.9 min)
    Tokenized 95,000/1,369,530 (3545 inst/s | ETA 6.0 min)
    Tokenized 265,000/818,084 (5002 inst/s | ETA 1.8 min)
    Tokenized 270,000/818,084 (5021 inst/s | ETA 1.8 min)
    Tokenized 100,000/1,369,530 (3554 inst/s | ETA 6.0 min)
    Tokenized 275,000/818,084 (5039 inst/s | ETA 1.8 min)
    Tokenized 200,000/551,446 (3951 inst/s | ETA 1.5 min)
    Tokenized 280,000/818,084 (5057 inst/s | ETA 1.8 min)
    Tokenized 105,000/1,369,530 (3570 inst/s | ETA 5.9 min)
    Tokenized 285,000/818,084 (5077 inst/s | ETA 1.7 min)
    Tokenized 205,000/551,446 (3957 inst/s | ETA 1.5 min)
    Tokenized 110,000/1,369,530 (3577 inst/s | ETA 5.9 min)
    Tokenized 290,000/818,084 (5098 inst/s | ETA 1.7 min)
    Tokenized 210,000/551,446 (3963 inst/s | ETA 1.4 min)
    Tokenized 295,000/818,084 (5116 inst/s | ETA 1.7 min)
    Tokenized 115,000/1,369,530 (3583 inst/s | ETA 5.8 min)
    Tokenized 300,000/818,084 (5130 inst/s | ETA 1.7 min)
    Tokenized 215,000/551,446 (3967 inst/s | ETA 1.4 min)
    Tokenized 305,000/818,084 (5143 inst/s | ETA 1.7 min)
    Tokenized 120,000/1,369,530 (3606 inst/s | ETA 5.8 min)
    Tokenized 220,000/551,446 (3971 inst/s | ETA 1.4 min)
    Tokenized 310,000/818,084 (5158 inst/s | ETA 1.6 min)
    Tokenized 125,000/1,369,530 (3623 inst/s | ETA 5.7 min)
    Tokenized 315,000/818,084 (5179 inst/s | ETA 1.6 min)
    Tokenized 225,000/551,446 (3978 inst/s | ETA 1.4 min)
    Tokenized 320,000/818,084 (5197 inst/s | ETA 1.6 min)
    Tokenized 130,000/1,369,530 (3640 inst/s | ETA 5.7 min)
    Tokenized 230,000/551,446 (3989 inst/s | ETA 1.3 min)
    Tokenized 135,000/1,369,530 (3649 inst/s | ETA 5.6 min)
    Tokenized 235,000/551,446 (3996 inst/s | ETA 1.3 min)
    Tokenized 140,000/1,369,530 (3654 inst/s | ETA 5.6 min)
    Tokenized 240,000/551,446 (4006 inst/s | ETA 1.3 min)
    Tokenized 325,000/818,084 (4965 inst/s | ETA 1.7 min)
    Tokenized 245,000/551,446 (4023 inst/s | ETA 1.3 min)
    Tokenized 145,000/1,369,530 (3652 inst/s | ETA 5.6 min)
    Tokenized 330,000/818,084 (4983 inst/s | ETA 1.6 min)
    Tokenized 250,000/551,446 (4034 inst/s | ETA 1.2 min)
    Tokenized 335,000/818,084 (5009 inst/s | ETA 1.6 min)
    Tokenized 150,000/1,369,530 (3651 inst/s | ETA 5.6 min)
    Tokenized 255,000/551,446 (4043 inst/s | ETA 1.2 min)
    Tokenized 340,000/818,084 (5024 inst/s | ETA 1.6 min)
    Tokenized 345,000/818,084 (5048 inst/s | ETA 1.6 min)
    Tokenized 155,000/1,369,530 (3656 inst/s | ETA 5.5 min)
    Tokenized 260,000/551,446 (4048 inst/s | ETA 1.2 min)
    Tokenized 350,000/818,084 (5065 inst/s | ETA 1.5 min)
    Tokenized 160,000/1,369,530 (3662 inst/s | ETA 5.5 min)
    Tokenized 355,000/818,084 (5072 inst/s | ETA 1.5 min)
    Tokenized 265,000/551,446 (4054 inst/s | ETA 1.2 min)
    Tokenized 360,000/818,084 (5082 inst/s | ETA 1.5 min)
    Tokenized 165,000/1,369,530 (3666 inst/s | ETA 5.5 min)
    Tokenized 365,000/818,084 (5095 inst/s | ETA 1.5 min)
    Tokenized 370,000/818,084 (5118 inst/s | ETA 1.5 min)
    Tokenized 170,000/1,369,530 (3675 inst/s | ETA 5.4 min)
    Tokenized 375,000/818,084 (5132 inst/s | ETA 1.4 min)
    Tokenized 270,000/551,446 (3921 inst/s | ETA 1.2 min)
    Tokenized 175,000/1,369,530 (3690 inst/s | ETA 5.4 min)
    Tokenized 380,000/818,084 (5137 inst/s | ETA 1.4 min)
    Tokenized 275,000/551,446 (3935 inst/s | ETA 1.2 min)
    Tokenized 180,000/1,369,530 (3689 inst/s | ETA 5.4 min)
    Tokenized 385,000/818,084 (5140 inst/s | ETA 1.4 min)
    Tokenized 390,000/818,084 (5151 inst/s | ETA 1.4 min)
    Tokenized 280,000/551,446 (3937 inst/s | ETA 1.1 min)
    Tokenized 185,000/1,369,530 (3681 inst/s | ETA 5.4 min)
    Tokenized 395,000/818,084 (5166 inst/s | ETA 1.4 min)
    Tokenized 285,000/551,446 (3938 inst/s | ETA 1.1 min)
    Tokenized 400,000/818,084 (5180 inst/s | ETA 1.3 min)
    Tokenized 405,000/818,084 (5199 inst/s | ETA 1.3 min)
    Tokenized 190,000/1,369,530 (3665 inst/s | ETA 5.4 min)
    Tokenized 290,000/551,446 (3946 inst/s | ETA 1.1 min)
    Tokenized 410,000/818,084 (5225 inst/s | ETA 1.3 min)
    Tokenized 415,000/818,084 (5247 inst/s | ETA 1.3 min)
    Tokenized 295,000/551,446 (3948 inst/s | ETA 1.1 min)
    Tokenized 195,000/1,369,530 (3666 inst/s | ETA 5.3 min)
    Tokenized 420,000/818,084 (5249 inst/s | ETA 1.3 min)
    Tokenized 300,000/551,446 (3956 inst/s | ETA 1.1 min)
    Tokenized 200,000/1,369,530 (3648 inst/s | ETA 5.3 min)
    Tokenized 305,000/551,446 (3967 inst/s | ETA 1.0 min)
    Tokenized 205,000/1,369,530 (3636 inst/s | ETA 5.3 min)
    Tokenized 310,000/551,446 (3968 inst/s | ETA 1.0 min)
    Tokenized 315,000/551,446 (3971 inst/s | ETA 1.0 min)
    Tokenized 210,000/1,369,530 (3632 inst/s | ETA 5.3 min)
    Tokenized 320,000/551,446 (3981 inst/s | ETA 1.0 min)
    Tokenized 425,000/818,084 (4995 inst/s | ETA 1.3 min)
    Tokenized 430,000/818,084 (4999 inst/s | ETA 1.3 min)
    Tokenized 325,000/551,446 (3992 inst/s | ETA 0.9 min)
    Tokenized 435,000/818,084 (5009 inst/s | ETA 1.3 min)
    Tokenized 330,000/551,446 (4002 inst/s | ETA 0.9 min)
    Tokenized 440,000/818,084 (5023 inst/s | ETA 1.3 min)
    Tokenized 335,000/551,446 (4008 inst/s | ETA 0.9 min)
    Tokenized 445,000/818,084 (5032 inst/s | ETA 1.2 min)
    Tokenized 450,000/818,084 (5034 inst/s | ETA 1.2 min)
    Tokenized 215,000/1,369,530 (3374 inst/s | ETA 5.7 min)
    Tokenized 455,000/818,084 (5034 inst/s | ETA 1.2 min)
    Tokenized 220,000/1,369,530 (3380 inst/s | ETA 5.7 min)
    Tokenized 460,000/818,084 (5039 inst/s | ETA 1.2 min)
    Tokenized 340,000/551,446 (3888 inst/s | ETA 0.9 min)
    Tokenized 465,000/818,084 (5048 inst/s | ETA 1.2 min)
    Tokenized 225,000/1,369,530 (3389 inst/s | ETA 5.6 min)
    Tokenized 470,000/818,084 (5064 inst/s | ETA 1.1 min)
    Tokenized 345,000/551,446 (3893 inst/s | ETA 0.9 min)
    Tokenized 475,000/818,084 (5079 inst/s | ETA 1.1 min)
    Tokenized 230,000/1,369,530 (3396 inst/s | ETA 5.6 min)
    Tokenized 480,000/818,084 (5085 inst/s | ETA 1.1 min)
    Tokenized 350,000/551,446 (3893 inst/s | ETA 0.9 min)
    Tokenized 235,000/1,369,530 (3410 inst/s | ETA 5.5 min)
    Tokenized 485,000/818,084 (5091 inst/s | ETA 1.1 min)
    Tokenized 355,000/551,446 (3896 inst/s | ETA 0.8 min)
    Tokenized 490,000/818,084 (5101 inst/s | ETA 1.1 min)
    Tokenized 240,000/1,369,530 (3417 inst/s | ETA 5.5 min)
    Tokenized 360,000/551,446 (3900 inst/s | ETA 0.8 min)
    Tokenized 495,000/818,084 (5110 inst/s | ETA 1.1 min)
    Tokenized 245,000/1,369,530 (3426 inst/s | ETA 5.5 min)
    Tokenized 500,000/818,084 (5123 inst/s | ETA 1.0 min)
    Tokenized 365,000/551,446 (3908 inst/s | ETA 0.8 min)
    Tokenized 505,000/818,084 (5136 inst/s | ETA 1.0 min)
    Tokenized 250,000/1,369,530 (3436 inst/s | ETA 5.4 min)
    Tokenized 370,000/551,446 (3914 inst/s | ETA 0.8 min)
    Tokenized 510,000/818,084 (5147 inst/s | ETA 1.0 min)
    Tokenized 515,000/818,084 (5159 inst/s | ETA 1.0 min)
    Tokenized 375,000/551,446 (3922 inst/s | ETA 0.7 min)
    Tokenized 255,000/1,369,530 (3443 inst/s | ETA 5.4 min)
    Tokenized 520,000/818,084 (5171 inst/s | ETA 1.0 min)
    Tokenized 380,000/551,446 (3928 inst/s | ETA 0.7 min)
    Tokenized 260,000/1,369,530 (3457 inst/s | ETA 5.3 min)
    Tokenized 265,000/1,369,530 (3470 inst/s | ETA 5.3 min)
    Tokenized 385,000/551,446 (3907 inst/s | ETA 0.7 min)
    Tokenized 270,000/1,369,530 (3481 inst/s | ETA 5.3 min)
    Tokenized 275,000/1,369,530 (3492 inst/s | ETA 5.2 min)
    Tokenized 390,000/551,446 (3879 inst/s | ETA 0.7 min)
    Tokenized 525,000/818,084 (4983 inst/s | ETA 1.0 min)
    Tokenized 280,000/1,369,530 (3504 inst/s | ETA 5.2 min)
    Tokenized 530,000/818,084 (4991 inst/s | ETA 1.0 min)
    Tokenized 395,000/551,446 (3862 inst/s | ETA 0.7 min)
    Tokenized 285,000/1,369,530 (3515 inst/s | ETA 5.1 min)
    Tokenized 535,000/818,084 (4998 inst/s | ETA 0.9 min)
    Tokenized 540,000/818,084 (5004 inst/s | ETA 0.9 min)
    Tokenized 400,000/551,446 (3864 inst/s | ETA 0.7 min)
    Tokenized 290,000/1,369,530 (3525 inst/s | ETA 5.1 min)
    Tokenized 545,000/818,084 (5011 inst/s | ETA 0.9 min)
    Tokenized 405,000/551,446 (3868 inst/s | ETA 0.6 min)
    Tokenized 295,000/1,369,530 (3538 inst/s | ETA 5.1 min)
    Tokenized 550,000/818,084 (5019 inst/s | ETA 0.9 min)
    Tokenized 555,000/818,084 (5025 inst/s | ETA 0.9 min)
    Tokenized 300,000/1,369,530 (3544 inst/s | ETA 5.0 min)
    Tokenized 410,000/551,446 (3851 inst/s | ETA 0.6 min)
    Tokenized 560,000/818,084 (5034 inst/s | ETA 0.9 min)
    Tokenized 305,000/1,369,530 (3554 inst/s | ETA 5.0 min)
    Tokenized 565,000/818,084 (5040 inst/s | ETA 0.8 min)
    Tokenized 415,000/551,446 (3845 inst/s | ETA 0.6 min)
    Tokenized 570,000/818,084 (5045 inst/s | ETA 0.8 min)
    Tokenized 310,000/1,369,530 (3564 inst/s | ETA 5.0 min)
    Tokenized 575,000/818,084 (5049 inst/s | ETA 0.8 min)
    Tokenized 315,000/1,369,530 (3577 inst/s | ETA 4.9 min)
    Tokenized 580,000/818,084 (5054 inst/s | ETA 0.8 min)
    Tokenized 320,000/1,369,530 (3588 inst/s | ETA 4.9 min)
    Tokenized 585,000/818,084 (5063 inst/s | ETA 0.8 min)
    Tokenized 590,000/818,084 (5069 inst/s | ETA 0.7 min)
    Tokenized 325,000/1,369,530 (3598 inst/s | ETA 4.8 min)
    Tokenized 420,000/551,446 (3743 inst/s | ETA 0.6 min)
    Tokenized 595,000/818,084 (5075 inst/s | ETA 0.7 min)
    Tokenized 330,000/1,369,530 (3607 inst/s | ETA 4.8 min)
    Tokenized 425,000/551,446 (3750 inst/s | ETA 0.6 min)
    Tokenized 600,000/818,084 (5083 inst/s | ETA 0.7 min)
    Tokenized 335,000/1,369,530 (3621 inst/s | ETA 4.8 min)
    Tokenized 605,000/818,084 (5093 inst/s | ETA 0.7 min)
    Tokenized 430,000/551,446 (3758 inst/s | ETA 0.5 min)
    Tokenized 610,000/818,084 (5098 inst/s | ETA 0.7 min)
    Tokenized 340,000/1,369,530 (3630 inst/s | ETA 4.7 min)
    Tokenized 435,000/551,446 (3760 inst/s | ETA 0.5 min)
    Tokenized 615,000/818,084 (5104 inst/s | ETA 0.7 min)
    Tokenized 345,000/1,369,530 (3645 inst/s | ETA 4.7 min)
    Tokenized 620,000/818,084 (5118 inst/s | ETA 0.6 min)
    Tokenized 440,000/551,446 (3762 inst/s | ETA 0.5 min)
    Tokenized 350,000/1,369,530 (3655 inst/s | ETA 4.6 min)
    Tokenized 625,000/818,084 (5124 inst/s | ETA 0.6 min)
    Tokenized 445,000/551,446 (3771 inst/s | ETA 0.5 min)
    Tokenized 630,000/818,084 (5123 inst/s | ETA 0.6 min)
    Tokenized 355,000/1,369,530 (3660 inst/s | ETA 4.6 min)
    Tokenized 450,000/551,446 (3776 inst/s | ETA 0.4 min)
    Tokenized 360,000/1,369,530 (3667 inst/s | ETA 4.6 min)
    Tokenized 455,000/551,446 (3780 inst/s | ETA 0.4 min)
    Tokenized 460,000/551,446 (3788 inst/s | ETA 0.4 min)
    Tokenized 465,000/551,446 (3795 inst/s | ETA 0.4 min)
    Tokenized 470,000/551,446 (3799 inst/s | ETA 0.4 min)
    Tokenized 635,000/818,084 (4921 inst/s | ETA 0.6 min)
    Tokenized 475,000/551,446 (3804 inst/s | ETA 0.3 min)
    Tokenized 640,000/818,084 (4932 inst/s | ETA 0.6 min)
    Tokenized 365,000/1,369,530 (3510 inst/s | ETA 4.8 min)
    Tokenized 645,000/818,084 (4945 inst/s | ETA 0.6 min)
    Tokenized 370,000/1,369,530 (3524 inst/s | ETA 4.7 min)
    Tokenized 650,000/818,084 (4954 inst/s | ETA 0.6 min)
    Tokenized 480,000/551,446 (3811 inst/s | ETA 0.3 min)
    Tokenized 485,000/551,446 (3819 inst/s | ETA 0.3 min)
    Tokenized 655,000/818,084 (4961 inst/s | ETA 0.5 min)
    Tokenized 375,000/1,369,530 (3533 inst/s | ETA 4.7 min)
    Tokenized 490,000/551,446 (3824 inst/s | ETA 0.3 min)
    Tokenized 660,000/818,084 (4971 inst/s | ETA 0.5 min)
    Tokenized 665,000/818,084 (4983 inst/s | ETA 0.5 min)
    Tokenized 380,000/1,369,530 (3537 inst/s | ETA 4.7 min)
    Tokenized 670,000/818,084 (4995 inst/s | ETA 0.5 min)
    Tokenized 675,000/818,084 (5008 inst/s | ETA 0.5 min)
    Tokenized 385,000/1,369,530 (3539 inst/s | ETA 4.6 min)
    Tokenized 680,000/818,084 (5016 inst/s | ETA 0.5 min)
    Tokenized 390,000/1,369,530 (3545 inst/s | ETA 4.6 min)
    Tokenized 685,000/818,084 (5021 inst/s | ETA 0.4 min)
    Tokenized 690,000/818,084 (5032 inst/s | ETA 0.4 min)
    Tokenized 495,000/551,446 (3729 inst/s | ETA 0.3 min)
    Tokenized 395,000/1,369,530 (3553 inst/s | ETA 4.6 min)
    Tokenized 695,000/818,084 (5042 inst/s | ETA 0.4 min)
    Tokenized 400,000/1,369,530 (3560 inst/s | ETA 4.5 min)
    Tokenized 700,000/818,084 (5050 inst/s | ETA 0.4 min)
    Tokenized 500,000/551,446 (3733 inst/s | ETA 0.2 min)
    Tokenized 705,000/818,084 (5055 inst/s | ETA 0.4 min)
    Tokenized 405,000/1,369,530 (3571 inst/s | ETA 4.5 min)
    Tokenized 505,000/551,446 (3735 inst/s | ETA 0.2 min)
    Tokenized 710,000/818,084 (5064 inst/s | ETA 0.4 min)
    Tokenized 410,000/1,369,530 (3589 inst/s | ETA 4.5 min)
    Tokenized 510,000/551,446 (3738 inst/s | ETA 0.2 min)
    Tokenized 715,000/818,084 (5071 inst/s | ETA 0.3 min)
    Tokenized 415,000/1,369,530 (3603 inst/s | ETA 4.4 min)
    Tokenized 720,000/818,084 (5079 inst/s | ETA 0.3 min)
    Tokenized 515,000/551,446 (3740 inst/s | ETA 0.2 min)
    Tokenized 725,000/818,084 (5085 inst/s | ETA 0.3 min)
    Tokenized 420,000/1,369,530 (3603 inst/s | ETA 4.4 min)
    Tokenized 730,000/818,084 (5092 inst/s | ETA 0.3 min)
    Tokenized 520,000/551,446 (3744 inst/s | ETA 0.1 min)
    Tokenized 425,000/1,369,530 (3605 inst/s | ETA 4.4 min)
    Tokenized 735,000/818,084 (5096 inst/s | ETA 0.3 min)
    Tokenized 525,000/551,446 (3750 inst/s | ETA 0.1 min)
    Tokenized 740,000/818,084 (5100 inst/s | ETA 0.3 min)
    Tokenized 430,000/1,369,530 (3612 inst/s | ETA 4.3 min)
    Tokenized 530,000/551,446 (3753 inst/s | ETA 0.1 min)
    Tokenized 435,000/1,369,530 (3622 inst/s | ETA 4.3 min)
    Tokenized 535,000/551,446 (3756 inst/s | ETA 0.1 min)
    Tokenized 440,000/1,369,530 (3634 inst/s | ETA 4.3 min)
    Tokenized 540,000/551,446 (3763 inst/s | ETA 0.1 min)
    Tokenized 445,000/1,369,530 (3642 inst/s | ETA 4.2 min)
    Tokenized 545,000/551,446 (3771 inst/s | ETA 0.0 min)
    Tokenized 450,000/1,369,530 (3644 inst/s | ETA 4.2 min)
    Tokenized 550,000/551,446 (3773 inst/s | ETA 0.0 min)
    Tokenized 745,000/818,084 (4946 inst/s | ETA 0.2 min)
    Tokenized 551,446/551,446 (3770 inst/s | ETA 0.0 min)
    Tokenized 455,000/1,369,530 (3643 inst/s | ETA 4.2 min)
    Tokenized 750,000/818,084 (4953 inst/s | ETA 0.2 min)
    Tokenized 755,000/818,084 (4959 inst/s | ETA 0.2 min)
    Tokenized 460,000/1,369,530 (3641 inst/s | ETA 4.2 min)
    Tokenized 760,000/818,084 (4967 inst/s | ETA 0.2 min)
    Tokenized 765,000/818,084 (4977 inst/s | ETA 0.2 min)
    Tokenized 465,000/1,369,530 (3642 inst/s | ETA 4.1 min)
    Tokenized 770,000/818,084 (4987 inst/s | ETA 0.2 min)
    Tokenized 470,000/1,369,530 (3651 inst/s | ETA 4.1 min)
    Tokenized 775,000/818,084 (4990 inst/s | ETA 0.1 min)
    Tokenized 475,000/1,369,530 (3660 inst/s | ETA 4.1 min)
    Tokenized 780,000/818,084 (4995 inst/s | ETA 0.1 min)
    Tokenized 785,000/818,084 (5000 inst/s | ETA 0.1 min)
    Tokenized 480,000/1,369,530 (3662 inst/s | ETA 4.0 min)
    Tokenized 790,000/818,084 (5005 inst/s | ETA 0.1 min)
    Tokenized 485,000/1,369,530 (3663 inst/s | ETA 4.0 min)
    Tokenized 795,000/818,084 (5009 inst/s | ETA 0.1 min)
    Tokenized 490,000/1,369,530 (3667 inst/s | ETA 4.0 min)
    Tokenized 800,000/818,084 (5006 inst/s | ETA 0.1 min)
    Tokenized 805,000/818,084 (5012 inst/s | ETA 0.0 min)
    Tokenized 495,000/1,369,530 (3669 inst/s | ETA 4.0 min)
    Tokenized 810,000/818,084 (5017 inst/s | ETA 0.0 min)
    Tokenized 500,000/1,369,530 (3672 inst/s | ETA 3.9 min)
    Tokenized 815,000/818,084 (5020 inst/s | ETA 0.0 min)
    Tokenized 818,084/818,084 (5023 inst/s | ETA 0.0 min)
    Tokenized 505,000/1,369,530 (3678 inst/s | ETA 3.9 min)
    Tokenized 510,000/1,369,530 (3684 inst/s | ETA 3.9 min)
    Tokenized 515,000/1,369,530 (3555 inst/s | ETA 4.0 min)
    Tokenized 520,000/1,369,530 (3562 inst/s | ETA 4.0 min)
    Tokenized 525,000/1,369,530 (3567 inst/s | ETA 3.9 min)
    Tokenized 530,000/1,369,530 (3570 inst/s | ETA 3.9 min)
    Tokenized 535,000/1,369,530 (3572 inst/s | ETA 3.9 min)
    Tokenized 540,000/1,369,530 (3573 inst/s | ETA 3.9 min)
  Tokenization complete: 173.8s | shape (551446, 256)
    Tokenized 545,000/1,369,530 (3577 inst/s | ETA 3.8 min)
    Tokenized 550,000/1,369,530 (3580 inst/s | ETA 3.8 min)
    Tokenized 555,000/1,369,530 (3581 inst/s | ETA 3.8 min)
    batch 100/2675 | 51,200/1,369,530 inst | 156 inst/s | ETA 140.5 min
    Tokenized 560,000/1,369,530 (3585 inst/s | ETA 3.8 min)
    Tokenized 565,000/1,369,530 (3586 inst/s | ETA 3.7 min)
    Tokenized 570,000/1,369,530 (3587 inst/s | ETA 3.7 min)
    Tokenized 575,000/1,369,530 (3586 inst/s | ETA 3.7 min)
    Tokenized 580,000/1,369,530 (3588 inst/s | ETA 3.7 min)
    Tokenized 585,000/1,369,530 (3592 inst/s | ETA 3.6 min)
    Tokenized 590,000/1,369,530 (3591 inst/s | ETA 3.6 min)
  Tokenization complete: 190.9s | shape (818084, 256)
    Tokenized 595,000/1,369,530 (3591 inst/s | ETA 3.6 min)
    batch 100/2675 | 51,200/1,369,530 inst | 154 inst/s | ETA 142.7 min
    Tokenized 600,000/1,369,530 (3594 inst/s | ETA 3.6 min)
    Tokenized 605,000/1,369,530 (3598 inst/s | ETA 3.5 min)
    Tokenized 610,000/1,369,530 (3600 inst/s | ETA 3.5 min)
    Tokenized 615,000/1,369,530 (3603 inst/s | ETA 3.5 min)
    Tokenized 620,000/1,369,530 (3611 inst/s | ETA 3.5 min)
    Tokenized 625,000/1,369,530 (3615 inst/s | ETA 3.4 min)
    Tokenized 630,000/1,369,530 (3616 inst/s | ETA 3.4 min)
    Tokenized 635,000/1,369,530 (3618 inst/s | ETA 3.4 min)
    Tokenized 640,000/1,369,530 (3621 inst/s | ETA 3.4 min)
    batch 100/2675 | 51,200/1,369,530 inst | 153 inst/s | ETA 143.6 min
    Tokenized 645,000/1,369,530 (3628 inst/s | ETA 3.3 min)
    Tokenized 650,000/1,369,530 (3630 inst/s | ETA 3.3 min)
    Tokenized 655,000/1,369,530 (3632 inst/s | ETA 3.3 min)
    Tokenized 660,000/1,369,530 (3634 inst/s | ETA 3.3 min)
    Tokenized 665,000/1,369,530 (3638 inst/s | ETA 3.2 min)
    Tokenized 670,000/1,369,530 (3645 inst/s | ETA 3.2 min)
    Tokenized 675,000/1,369,530 (3534 inst/s | ETA 3.3 min)
    Tokenized 680,000/1,369,530 (3539 inst/s | ETA 3.2 min)
    Tokenized 685,000/1,369,530 (3541 inst/s | ETA 3.2 min)
    Tokenized 690,000/1,369,530 (3547 inst/s | ETA 3.2 min)
    Tokenized 695,000/1,369,530 (3553 inst/s | ETA 3.2 min)
    Tokenized 700,000/1,369,530 (3557 inst/s | ETA 3.1 min)
    Tokenized 705,000/1,369,530 (3559 inst/s | ETA 3.1 min)
    Tokenized 710,000/1,369,530 (3562 inst/s | ETA 3.1 min)
    Tokenized 715,000/1,369,530 (3565 inst/s | ETA 3.1 min)
    Tokenized 720,000/1,369,530 (3568 inst/s | ETA 3.0 min)
    Tokenized 725,000/1,369,530 (3571 inst/s | ETA 3.0 min)
    Tokenized 730,000/1,369,530 (3572 inst/s | ETA 3.0 min)
    Tokenized 735,000/1,369,530 (3572 inst/s | ETA 3.0 min)
    Tokenized 740,000/1,369,530 (3572 inst/s | ETA 2.9 min)
    Tokenized 745,000/1,369,530 (3573 inst/s | ETA 2.9 min)
    Tokenized 750,000/1,369,530 (3574 inst/s | ETA 2.9 min)
    Tokenized 755,000/1,369,530 (3576 inst/s | ETA 2.9 min)
    Tokenized 760,000/1,369,530 (3579 inst/s | ETA 2.8 min)
    Tokenized 765,000/1,369,530 (3583 inst/s | ETA 2.8 min)
    Tokenized 770,000/1,369,530 (3587 inst/s | ETA 2.8 min)
    Tokenized 775,000/1,369,530 (3588 inst/s | ETA 2.8 min)
    Tokenized 780,000/1,369,530 (3590 inst/s | ETA 2.7 min)
    Tokenized 785,000/1,369,530 (3590 inst/s | ETA 2.7 min)
    Tokenized 790,000/1,369,530 (3590 inst/s | ETA 2.7 min)
    Tokenized 795,000/1,369,530 (3593 inst/s | ETA 2.7 min)
    Tokenized 800,000/1,369,530 (3597 inst/s | ETA 2.6 min)
    Tokenized 805,000/1,369,530 (3599 inst/s | ETA 2.6 min)
    Tokenized 810,000/1,369,530 (3599 inst/s | ETA 2.6 min)
    Tokenized 815,000/1,369,530 (3599 inst/s | ETA 2.6 min)
    Tokenized 820,000/1,369,530 (3599 inst/s | ETA 2.5 min)
    Tokenized 825,000/1,369,530 (3599 inst/s | ETA 2.5 min)
    Tokenized 830,000/1,369,530 (3599 inst/s | ETA 2.5 min)
    Tokenized 835,000/1,369,530 (3600 inst/s | ETA 2.5 min)
    Tokenized 840,000/1,369,530 (3602 inst/s | ETA 2.4 min)
    Tokenized 845,000/1,369,530 (3477 inst/s | ETA 2.5 min)
    Tokenized 850,000/1,369,530 (3478 inst/s | ETA 2.5 min)
    Tokenized 855,000/1,369,530 (3478 inst/s | ETA 2.5 min)
    Tokenized 860,000/1,369,530 (3478 inst/s | ETA 2.4 min)
    Tokenized 865,000/1,369,530 (3479 inst/s | ETA 2.4 min)
    Tokenized 870,000/1,369,530 (3480 inst/s | ETA 2.4 min)
    Tokenized 875,000/1,369,530 (3481 inst/s | ETA 2.4 min)
    Tokenized 880,000/1,369,530 (3483 inst/s | ETA 2.3 min)
    Tokenized 885,000/1,369,530 (3483 inst/s | ETA 2.3 min)
    Tokenized 890,000/1,369,530 (3483 inst/s | ETA 2.3 min)
    Tokenized 895,000/1,369,530 (3483 inst/s | ETA 2.3 min)
    Tokenized 900,000/1,369,530 (3483 inst/s | ETA 2.2 min)
    Tokenized 905,000/1,369,530 (3482 inst/s | ETA 2.2 min)
    Tokenized 910,000/1,369,530 (3483 inst/s | ETA 2.2 min)
    Tokenized 915,000/1,369,530 (3484 inst/s | ETA 2.2 min)
    Tokenized 920,000/1,369,530 (3485 inst/s | ETA 2.1 min)
    Tokenized 925,000/1,369,530 (3485 inst/s | ETA 2.1 min)
    Tokenized 930,000/1,369,530 (3484 inst/s | ETA 2.1 min)
    Tokenized 935,000/1,369,530 (3484 inst/s | ETA 2.1 min)
    Tokenized 940,000/1,369,530 (3483 inst/s | ETA 2.1 min)
    Tokenized 945,000/1,369,530 (3485 inst/s | ETA 2.0 min)
    Tokenized 950,000/1,369,530 (3485 inst/s | ETA 2.0 min)
    Tokenized 955,000/1,369,530 (3484 inst/s | ETA 2.0 min)
    Tokenized 960,000/1,369,530 (3481 inst/s | ETA 2.0 min)
    Tokenized 965,000/1,369,530 (3480 inst/s | ETA 1.9 min)
    Tokenized 970,000/1,369,530 (3478 inst/s | ETA 1.9 min)
    Tokenized 975,000/1,369,530 (3477 inst/s | ETA 1.9 min)
    Tokenized 980,000/1,369,530 (3477 inst/s | ETA 1.9 min)
    Tokenized 985,000/1,369,530 (3477 inst/s | ETA 1.8 min)
    Tokenized 990,000/1,369,530 (3479 inst/s | ETA 1.8 min)
    Tokenized 995,000/1,369,530 (3478 inst/s | ETA 1.8 min)
    Tokenized 1,000,000/1,369,530 (3477 inst/s | ETA 1.8 min)
    Tokenized 1,005,000/1,369,530 (3477 inst/s | ETA 1.7 min)
    Tokenized 1,010,000/1,369,530 (3475 inst/s | ETA 1.7 min)
    batch 200/1078 | 102,400/551,446 inst | 150 inst/s | ETA 50.0 min
    Tokenized 1,015,000/1,369,530 (3355 inst/s | ETA 1.8 min)
    Tokenized 1,020,000/1,369,530 (3356 inst/s | ETA 1.7 min)
    Tokenized 1,025,000/1,369,530 (3356 inst/s | ETA 1.7 min)
    Tokenized 1,030,000/1,369,530 (3356 inst/s | ETA 1.7 min)
    Tokenized 1,035,000/1,369,530 (3355 inst/s | ETA 1.7 min)
    Tokenized 1,040,000/1,369,530 (3355 inst/s | ETA 1.6 min)
    Tokenized 1,045,000/1,369,530 (3355 inst/s | ETA 1.6 min)
    Tokenized 1,050,000/1,369,530 (3356 inst/s | ETA 1.6 min)
    Tokenized 1,055,000/1,369,530 (3358 inst/s | ETA 1.6 min)
    Tokenized 1,060,000/1,369,530 (3359 inst/s | ETA 1.5 min)
    Tokenized 1,065,000/1,369,530 (3361 inst/s | ETA 1.5 min)
    Tokenized 1,070,000/1,369,530 (3363 inst/s | ETA 1.5 min)
    Tokenized 1,075,000/1,369,530 (3362 inst/s | ETA 1.5 min)
    Tokenized 1,080,000/1,369,530 (3361 inst/s | ETA 1.4 min)
    Tokenized 1,085,000/1,369,530 (3362 inst/s | ETA 1.4 min)
    Tokenized 1,090,000/1,369,530 (3365 inst/s | ETA 1.4 min)
    Tokenized 1,095,000/1,369,530 (3366 inst/s | ETA 1.4 min)
    Tokenized 1,100,000/1,369,530 (3365 inst/s | ETA 1.3 min)
    Tokenized 1,105,000/1,369,530 (3365 inst/s | ETA 1.3 min)
    Tokenized 1,110,000/1,369,530 (3365 inst/s | ETA 1.3 min)
    Tokenized 1,115,000/1,369,530 (3364 inst/s | ETA 1.3 min)
    Tokenized 1,120,000/1,369,530 (3366 inst/s | ETA 1.2 min)
    batch 200/1598 | 102,400/818,084 inst | 157 inst/s | ETA 75.9 min
    Tokenized 1,125,000/1,369,530 (3366 inst/s | ETA 1.2 min)
    Tokenized 1,130,000/1,369,530 (3365 inst/s | ETA 1.2 min)
    Tokenized 1,135,000/1,369,530 (3366 inst/s | ETA 1.2 min)
    Tokenized 1,140,000/1,369,530 (3367 inst/s | ETA 1.1 min)
    Tokenized 1,145,000/1,369,530 (3368 inst/s | ETA 1.1 min)
    Tokenized 1,150,000/1,369,530 (3368 inst/s | ETA 1.1 min)
    Tokenized 1,155,000/1,369,530 (3367 inst/s | ETA 1.1 min)
    Tokenized 1,160,000/1,369,530 (3366 inst/s | ETA 1.0 min)
    Tokenized 1,165,000/1,369,530 (3363 inst/s | ETA 1.0 min)
    Tokenized 1,170,000/1,369,530 (3360 inst/s | ETA 1.0 min)
    Tokenized 1,175,000/1,369,530 (3358 inst/s | ETA 1.0 min)
    Tokenized 1,180,000/1,369,530 (3358 inst/s | ETA 0.9 min)
    Tokenized 1,185,000/1,369,530 (3357 inst/s | ETA 0.9 min)
    Tokenized 1,190,000/1,369,530 (3356 inst/s | ETA 0.9 min)
    Tokenized 1,195,000/1,369,530 (3246 inst/s | ETA 0.9 min)
    Tokenized 1,200,000/1,369,530 (3247 inst/s | ETA 0.9 min)
    Tokenized 1,205,000/1,369,530 (3247 inst/s | ETA 0.8 min)
    Tokenized 1,210,000/1,369,530 (3249 inst/s | ETA 0.8 min)
    Tokenized 1,215,000/1,369,530 (3250 inst/s | ETA 0.8 min)
    Tokenized 1,220,000/1,369,530 (3249 inst/s | ETA 0.8 min)
    Tokenized 1,225,000/1,369,530 (3250 inst/s | ETA 0.7 min)
    Tokenized 1,230,000/1,369,530 (3251 inst/s | ETA 0.7 min)
    Tokenized 1,235,000/1,369,530 (3252 inst/s | ETA 0.7 min)
    Tokenized 1,240,000/1,369,530 (3253 inst/s | ETA 0.7 min)
    Tokenized 1,245,000/1,369,530 (3254 inst/s | ETA 0.6 min)
    Tokenized 1,250,000/1,369,530 (3255 inst/s | ETA 0.6 min)
    Tokenized 1,255,000/1,369,530 (3255 inst/s | ETA 0.6 min)
    Tokenized 1,260,000/1,369,530 (3254 inst/s | ETA 0.6 min)
    Tokenized 1,265,000/1,369,530 (3256 inst/s | ETA 0.5 min)
    Tokenized 1,270,000/1,369,530 (3254 inst/s | ETA 0.5 min)
    Tokenized 1,275,000/1,369,530 (3253 inst/s | ETA 0.5 min)
    Tokenized 1,280,000/1,369,530 (3254 inst/s | ETA 0.5 min)
    Tokenized 1,285,000/1,369,530 (3255 inst/s | ETA 0.4 min)
    Tokenized 1,290,000/1,369,530 (3254 inst/s | ETA 0.4 min)
    Tokenized 1,295,000/1,369,530 (3253 inst/s | ETA 0.4 min)
    Tokenized 1,300,000/1,369,530 (3255 inst/s | ETA 0.4 min)
    Tokenized 1,305,000/1,369,530 (3256 inst/s | ETA 0.3 min)
    Tokenized 1,310,000/1,369,530 (3255 inst/s | ETA 0.3 min)
    Tokenized 1,315,000/1,369,530 (3256 inst/s | ETA 0.3 min)
    Tokenized 1,320,000/1,369,530 (3256 inst/s | ETA 0.3 min)
    Tokenized 1,325,000/1,369,530 (3255 inst/s | ETA 0.2 min)
    Tokenized 1,330,000/1,369,530 (3254 inst/s | ETA 0.2 min)
    Tokenized 1,335,000/1,369,530 (3254 inst/s | ETA 0.2 min)
    Tokenized 1,340,000/1,369,530 (3254 inst/s | ETA 0.2 min)
    Tokenized 1,345,000/1,369,530 (3255 inst/s | ETA 0.1 min)
    Tokenized 1,350,000/1,369,530 (3255 inst/s | ETA 0.1 min)
    Tokenized 1,355,000/1,369,530 (3254 inst/s | ETA 0.1 min)
    Tokenized 1,360,000/1,369,530 (3256 inst/s | ETA 0.0 min)
    Tokenized 1,365,000/1,369,530 (3257 inst/s | ETA 0.0 min)
    Tokenized 1,369,530/1,369,530 (3256 inst/s | ETA 0.0 min)
    batch 200/2675 | 102,400/1,369,530 inst | 154 inst/s | ETA 136.9 min
  Tokenization complete: 492.8s | shape (1369530, 256)
    batch 100/1078 | 51,200/551,446 inst | 150 inst/s | ETA 55.7 min
    batch 200/2675 | 102,400/1,369,530 inst | 153 inst/s | ETA 138.3 min
    batch 100/1598 | 51,200/818,084 inst | 150 inst/s | ETA 85.0 min
    batch 200/2675 | 102,400/1,369,530 inst | 151 inst/s | ETA 139.8 min
    batch 300/1078 | 153,600/551,446 inst | 148 inst/s | ETA 44.7 min
    batch 300/1598 | 153,600/818,084 inst | 156 inst/s | ETA 70.8 min
    batch 300/2675 | 153,600/1,369,530 inst | 154 inst/s | ETA 131.9 min
    batch 200/1078 | 102,400/551,446 inst | 149 inst/s | ETA 50.1 min
    batch 300/2675 | 153,600/1,369,530 inst | 152 inst/s | ETA 133.1 min
    batch 100/2675 | 51,200/1,369,530 inst | 147 inst/s | ETA 149.4 min
    batch 200/1598 | 102,400/818,084 inst | 148 inst/s | ETA 80.4 min
    batch 300/2675 | 153,600/1,369,530 inst | 150 inst/s | ETA 134.7 min
    batch 400/1598 | 204,800/818,084 inst | 156 inst/s | ETA 65.5 min
    batch 400/1078 | 204,800/551,446 inst | 147 inst/s | ETA 39.2 min
    batch 400/2675 | 204,800/1,369,530 inst | 153 inst/s | ETA 126.6 min
    batch 400/2675 | 204,800/1,369,530 inst | 152 inst/s | ETA 127.7 min
    batch 300/1078 | 153,600/551,446 inst | 149 inst/s | ETA 44.4 min
    batch 200/2675 | 102,400/1,369,530 inst | 147 inst/s | ETA 143.5 min
    batch 300/1598 | 153,600/818,084 inst | 148 inst/s | ETA 74.9 min
    batch 400/2675 | 204,800/1,369,530 inst | 150 inst/s | ETA 129.4 min
    batch 500/1598 | 256,000/818,084 inst | 156 inst/s | ETA 60.1 min
    batch 500/1078 | 256,000/551,446 inst | 147 inst/s | ETA 33.5 min
    batch 500/2675 | 256,000/1,369,530 inst | 153 inst/s | ETA 121.1 min
    batch 500/2675 | 256,000/1,369,530 inst | 152 inst/s | ETA 122.1 min
    batch 400/1078 | 204,800/551,446 inst | 149 inst/s | ETA 38.7 min
    batch 300/2675 | 153,600/1,369,530 inst | 147 inst/s | ETA 137.7 min
    batch 500/2675 | 256,000/1,369,530 inst | 150 inst/s | ETA 123.9 min
    batch 400/1598 | 204,800/818,084 inst | 147 inst/s | ETA 69.3 min
    batch 600/1598 | 307,200/818,084 inst | 156 inst/s | ETA 54.7 min
    batch 600/1078 | 307,200/551,446 inst | 147 inst/s | ETA 27.7 min
    batch 600/2675 | 307,200/1,369,530 inst | 153 inst/s | ETA 115.5 min
    batch 600/2675 | 307,200/1,369,530 inst | 152 inst/s | ETA 116.6 min
    batch 500/1078 | 256,000/551,446 inst | 149 inst/s | ETA 33.0 min
    batch 400/2675 | 204,800/1,369,530 inst | 147 inst/s | ETA 131.9 min
  Runner interrupted due to worker preemption. Your Function will be restarted with the same input. For more details, see https://modal.com/docs/guide/preemption
    batch 600/2675 | 307,200/1,369,530 inst | 150 inst/s | ETA 118.2 min
    batch 500/1598 | 256,000/818,084 inst | 147 inst/s | ETA 63.6 min
    batch 700/1598 | 358,400/818,084 inst | 155 inst/s | ETA 49.3 min
    batch 700/1078 | 358,400/551,446 inst | 147 inst/s | ETA 21.9 min
    batch 700/2675 | 358,400/1,369,530 inst | 152 inst/s | ETA 111.0 min
    batch 600/1078 | 307,200/551,446 inst | 149 inst/s | ETA 27.3 min
    batch 500/2675 | 256,000/1,369,530 inst | 147 inst/s | ETA 126.1 min
    batch 700/2675 | 358,400/1,369,530 inst | 150 inst/s | ETA 112.6 min
    batch 600/1598 | 307,200/818,084 inst | 147 inst/s | ETA 57.8 min
    batch 800/1598 | 409,600/818,084 inst | 155 inst/s | ETA 43.8 min
    batch 800/1078 | 409,600/551,446 inst | 147 inst/s | ETA 16.1 min
  Data ready: eng_test_blind.txt
  Device: cuda  |  track=eng  |  stochastic=True  |  batch_size=512
  2026-05-11 19:28:11,491 - root - INFO - Loading BERT pre-trained checkpoint.
  2026-05-11 19:28:11,551 - httpx - INFO - HTTP Request: HEAD https://huggingface.co/bert-base-multilingual-cased/resolve/main/config.json "HTTP/1.1 200 OK"
  2026-05-11 19:28:11,584 - httpx - INFO - HTTP Request: GET https://huggingface.co/bert-base-multilingual-cased/resolve/main/config.json "HTTP/1.1 200 OK"
  2026-05-11 19:28:11,622 - httpx - INFO - HTTP Request: HEAD https://huggingface.co/bert-base-multilingual-cased/resolve/main/model.safetensors "HTTP/1.1 302 Found"
  Warning: You are sending unauthenticated requests to the HF Hub. Please set a HF_TOKEN to enable higher rate limits and faster downloads.
  2026-05-11 19:28:11,623 - huggingface_hub.utils._http - WARNING - Warning: You are sending unauthenticated requests to the HF Hub. Please set a HF_TOKEN to enable higher rate limits and faster downloads.
  2026-05-11 19:28:11,669 - httpx - INFO - HTTP Request: GET https://huggingface.co/api/models/google-bert/bert-base-multilingual-cased/xet-read-token/3f076fdb1ab68d5b2880cb87a0886f315b8146f8 "HTTP/1.1 200 OK"
  
  [1ALoading weights:   0%|          | 0/199 [00:00<?, ?it/s]
  [1ALoading weights: 100%|██████████| 199/199 [00:00<00:00, 2758.61it/s]
  [transformers] [1mBertModel LOAD REPORT[0m from: bert-base-multilingual-cased
  Key                                        | Status     |  |
  -------------------------------------------+------------+--+-
  cls.seq_relationship.bias                  | UNEXPECTED |  |
  cls.predictions.bias                       | UNEXPECTED |  |
  cls.predictions.transform.LayerNorm.bias   | UNEXPECTED |  |
  cls.predictions.transform.dense.weight     | UNEXPECTED |  |
  cls.predictions.transform.dense.bias       | UNEXPECTED |  |
  cls.predictions.transform.LayerNorm.weight | UNEXPECTED |  |
  cls.seq_relationship.weight                | UNEXPECTED |  |
  
  Notes:
  - UNEXPECTED:   can be ignored when loading from different task/architecture; not ok if you expect identical arch.
  2026-05-11 19:28:16,814 - httpx - INFO - HTTP Request: HEAD https://huggingface.co/bert-base-multilingual-cased/resolve/main/tokenizer_config.json "HTTP/1.1 200 OK"
  2026-05-11 19:28:16,856 - httpx - INFO - HTTP Request: GET https://huggingface.co/bert-base-multilingual-cased/resolve/main/tokenizer_config.json "HTTP/1.1 200 OK"
  2026-05-11 19:28:16,890 - httpx - INFO - HTTP Request: GET https://huggingface.co/api/models/bert-base-multilingual-cased/tree/main/additional_chat_templates?recursive=false&expand=false "HTTP/1.1 307 Temporary Redirect"
  2026-05-11 19:28:16,919 - httpx - INFO - HTTP Request: GET https://huggingface.co/api/models/google-bert/bert-base-multilingual-cased/tree/main/additional_chat_templates?recursive=false&expand=false "HTTP/1.1 404 Not Found"
  2026-05-11 19:28:16,951 - httpx - INFO - HTTP Request: GET https://huggingface.co/api/models/bert-base-multilingual-cased/tree/main?recursive=true&expand=false "HTTP/1.1 307 Temporary Redirect"
  2026-05-11 19:28:16,990 - httpx - INFO - HTTP Request: GET https://huggingface.co/api/models/google-bert/bert-base-multilingual-cased/tree/main?recursive=true&expand=false "HTTP/1.1 200 OK"
  2026-05-11 19:28:17,023 - httpx - INFO - HTTP Request: HEAD https://huggingface.co/bert-base-multilingual-cased/resolve/main/vocab.txt "HTTP/1.1 200 OK"
  2026-05-11 19:28:17,096 - httpx - INFO - HTTP Request: GET https://huggingface.co/bert-base-multilingual-cased/resolve/main/vocab.txt "HTTP/1.1 200 OK"
  2026-05-11 19:28:17,164 - httpx - INFO - HTTP Request: HEAD https://huggingface.co/bert-base-multilingual-cased/resolve/main/tokenizer.json "HTTP/1.1 200 OK"
  2026-05-11 19:28:17,214 - httpx - INFO - HTTP Request: GET https://huggingface.co/bert-base-multilingual-cased/resolve/main/tokenizer.json "HTTP/1.1 200 OK"
  2026-05-11 19:28:17,342 - httpx - INFO - HTTP Request: HEAD https://huggingface.co/bert-base-multilingual-cased/resolve/main/added_tokens.json "HTTP/1.1 404 Not Found"
  2026-05-11 19:28:17,388 - httpx - INFO - HTTP Request: HEAD https://huggingface.co/bert-base-multilingual-cased/resolve/main/special_tokens_map.json "HTTP/1.1 404 Not Found"
  2026-05-11 19:28:17,427 - httpx - INFO - HTTP Request: HEAD https://huggingface.co/bert-base-multilingual-cased/resolve/main/chat_template.jinja "HTTP/1.1 404 Not Found"
  2026-05-11 19:28:17,800 - httpx - INFO - HTTP Request: GET https://huggingface.co/api/models/bert-base-multilingual-cased "HTTP/1.1 307 Temporary Redirect"
  2026-05-11 19:28:17,832 - httpx - INFO - HTTP Request: GET https://huggingface.co/api/models/google-bert/bert-base-multilingual-cased "HTTP/1.1 200 OK"
  Model loaded.
  Loaded 818,084 instances.
  2026-05-11 19:28:44,983 - httpx - INFO - HTTP Request: HEAD https://huggingface.co/bert-base-multilingual-cased/resolve/main/tokenizer_config.json "HTTP/1.1 200 OK"
  2026-05-11 19:28:45,014 - httpx - INFO - HTTP Request: GET https://huggingface.co/api/models/bert-base-multilingual-cased/tree/main/additional_chat_templates?recursive=false&expand=false "HTTP/1.1 307 Temporary Redirect"
  2026-05-11 19:28:45,044 - httpx - INFO - HTTP Request: GET https://huggingface.co/api/models/google-bert/bert-base-multilingual-cased/tree/main/additional_chat_templates?recursive=false&expand=false "HTTP/1.1 404 Not Found"
  2026-05-11 19:28:45,075 - httpx - INFO - HTTP Request: GET https://huggingface.co/api/models/bert-base-multilingual-cased/tree/main?recursive=true&expand=false "HTTP/1.1 307 Temporary Redirect"
  2026-05-11 19:28:45,108 - httpx - INFO - HTTP Request: GET https://huggingface.co/api/models/google-bert/bert-base-multilingual-cased/tree/main?recursive=true&expand=false "HTTP/1.1 200 OK"
  2026-05-11 19:28:45,733 - httpx - INFO - HTTP Request: GET https://huggingface.co/api/models/bert-base-multilingual-cased "HTTP/1.1 307 Temporary Redirect"
  2026-05-11 19:28:45,767 - httpx - INFO - HTTP Request: GET https://huggingface.co/api/models/google-bert/bert-base-multilingual-cased "HTTP/1.1 200 OK"
    Tokenized 5,000/818,084 (3804 inst/s | ETA 3.6 min)
    Tokenized 10,000/818,084 (3896 inst/s | ETA 3.5 min)
    Tokenized 15,000/818,084 (4632 inst/s | ETA 2.9 min)
    Tokenized 20,000/818,084 (5195 inst/s | ETA 2.6 min)
    Tokenized 25,000/818,084 (5578 inst/s | ETA 2.4 min)
    Tokenized 30,000/818,084 (5877 inst/s | ETA 2.2 min)
    Tokenized 35,000/818,084 (6082 inst/s | ETA 2.1 min)
    batch 800/2675 | 409,600/1,369,530 inst | 152 inst/s | ETA 105.4 min
    Tokenized 40,000/818,084 (6266 inst/s | ETA 2.1 min)
    Tokenized 45,000/818,084 (6345 inst/s | ETA 2.0 min)
    Tokenized 50,000/818,084 (6375 inst/s | ETA 2.0 min)
    Tokenized 55,000/818,084 (4744 inst/s | ETA 2.7 min)
    Tokenized 60,000/818,084 (4883 inst/s | ETA 2.6 min)
    Tokenized 65,000/818,084 (5000 inst/s | ETA 2.5 min)
    Tokenized 70,000/818,084 (5082 inst/s | ETA 2.5 min)
    Tokenized 75,000/818,084 (5201 inst/s | ETA 2.4 min)
    Tokenized 80,000/818,084 (5286 inst/s | ETA 2.3 min)
    Tokenized 85,000/818,084 (5311 inst/s | ETA 2.3 min)
    Tokenized 90,000/818,084 (5354 inst/s | ETA 2.3 min)
    Tokenized 95,000/818,084 (5391 inst/s | ETA 2.2 min)
    Tokenized 100,000/818,084 (5427 inst/s | ETA 2.2 min)
    Tokenized 105,000/818,084 (5460 inst/s | ETA 2.2 min)
    Tokenized 110,000/818,084 (5480 inst/s | ETA 2.2 min)
    Tokenized 115,000/818,084 (5490 inst/s | ETA 2.1 min)
    Tokenized 120,000/818,084 (5532 inst/s | ETA 2.1 min)
    Tokenized 125,000/818,084 (5574 inst/s | ETA 2.1 min)
    Tokenized 130,000/818,084 (5607 inst/s | ETA 2.0 min)
    Tokenized 135,000/818,084 (5619 inst/s | ETA 2.0 min)
    Tokenized 140,000/818,084 (5645 inst/s | ETA 2.0 min)
    batch 700/1078 | 358,400/551,446 inst | 149 inst/s | ETA 21.5 min
    Tokenized 145,000/818,084 (4995 inst/s | ETA 2.2 min)
    Tokenized 150,000/818,084 (5026 inst/s | ETA 2.2 min)
    Tokenized 155,000/818,084 (5060 inst/s | ETA 2.2 min)
    Tokenized 160,000/818,084 (5092 inst/s | ETA 2.2 min)
    Tokenized 165,000/818,084 (5121 inst/s | ETA 2.1 min)
    Tokenized 170,000/818,084 (5152 inst/s | ETA 2.1 min)
    Tokenized 175,000/818,084 (5182 inst/s | ETA 2.1 min)
    Tokenized 180,000/818,084 (5197 inst/s | ETA 2.0 min)
    Tokenized 185,000/818,084 (5206 inst/s | ETA 2.0 min)
    Tokenized 190,000/818,084 (5209 inst/s | ETA 2.0 min)
    Tokenized 195,000/818,084 (5225 inst/s | ETA 2.0 min)
    Tokenized 200,000/818,084 (5239 inst/s | ETA 2.0 min)
    Tokenized 205,000/818,084 (5251 inst/s | ETA 1.9 min)
    Tokenized 210,000/818,084 (5255 inst/s | ETA 1.9 min)
    Tokenized 215,000/818,084 (5256 inst/s | ETA 1.9 min)
    Tokenized 220,000/818,084 (5270 inst/s | ETA 1.9 min)
    Tokenized 225,000/818,084 (5283 inst/s | ETA 1.9 min)
    Tokenized 230,000/818,084 (5291 inst/s | ETA 1.9 min)
    Tokenized 235,000/818,084 (5298 inst/s | ETA 1.8 min)
    Tokenized 240,000/818,084 (4873 inst/s | ETA 2.0 min)
    Tokenized 245,000/818,084 (4888 inst/s | ETA 2.0 min)
    Tokenized 250,000/818,084 (4907 inst/s | ETA 1.9 min)
    Tokenized 255,000/818,084 (4922 inst/s | ETA 1.9 min)
    Tokenized 260,000/818,084 (4940 inst/s | ETA 1.9 min)
    Tokenized 265,000/818,084 (4961 inst/s | ETA 1.9 min)
    Tokenized 270,000/818,084 (4979 inst/s | ETA 1.8 min)
    batch 600/2675 | 307,200/1,369,530 inst | 147 inst/s | ETA 120.3 min
    batch 800/2675 | 409,600/1,369,530 inst | 150 inst/s | ETA 106.9 min
    Tokenized 275,000/818,084 (4991 inst/s | ETA 1.8 min)
    Tokenized 280,000/818,084 (5006 inst/s | ETA 1.8 min)
    Tokenized 285,000/818,084 (5024 inst/s | ETA 1.8 min)
    Tokenized 290,000/818,084 (5041 inst/s | ETA 1.7 min)
    Tokenized 295,000/818,084 (5055 inst/s | ETA 1.7 min)
    Tokenized 300,000/818,084 (5067 inst/s | ETA 1.7 min)
    Tokenized 305,000/818,084 (5078 inst/s | ETA 1.7 min)
    Tokenized 310,000/818,084 (5089 inst/s | ETA 1.7 min)
    Tokenized 315,000/818,084 (5106 inst/s | ETA 1.6 min)
    Tokenized 320,000/818,084 (5116 inst/s | ETA 1.6 min)
    Tokenized 325,000/818,084 (5122 inst/s | ETA 1.6 min)
    Tokenized 330,000/818,084 (5121 inst/s | ETA 1.6 min)
    Tokenized 335,000/818,084 (4786 inst/s | ETA 1.7 min)
    Tokenized 340,000/818,084 (4795 inst/s | ETA 1.7 min)
    Tokenized 345,000/818,084 (4816 inst/s | ETA 1.6 min)
    batch 700/1598 | 358,400/818,084 inst | 147 inst/s | ETA 52.0 min
    Tokenized 350,000/818,084 (4828 inst/s | ETA 1.6 min)
    Tokenized 355,000/818,084 (4834 inst/s | ETA 1.6 min)
    Tokenized 360,000/818,084 (4841 inst/s | ETA 1.6 min)
    Tokenized 365,000/818,084 (4850 inst/s | ETA 1.6 min)
    Tokenized 370,000/818,084 (4864 inst/s | ETA 1.5 min)
    Tokenized 375,000/818,084 (4875 inst/s | ETA 1.5 min)
    Tokenized 380,000/818,084 (4881 inst/s | ETA 1.5 min)
    Tokenized 385,000/818,084 (4883 inst/s | ETA 1.5 min)
    Tokenized 390,000/818,084 (4894 inst/s | ETA 1.5 min)
    Tokenized 395,000/818,084 (4903 inst/s | ETA 1.4 min)
    Tokenized 400,000/818,084 (4914 inst/s | ETA 1.4 min)
    Tokenized 405,000/818,084 (4930 inst/s | ETA 1.4 min)
    Tokenized 410,000/818,084 (4950 inst/s | ETA 1.4 min)
    Tokenized 415,000/818,084 (4969 inst/s | ETA 1.4 min)
    Tokenized 420,000/818,084 (4968 inst/s | ETA 1.3 min)
    Tokenized 425,000/818,084 (4967 inst/s | ETA 1.3 min)
    Tokenized 430,000/818,084 (4975 inst/s | ETA 1.3 min)
    Tokenized 435,000/818,084 (4735 inst/s | ETA 1.3 min)
    Tokenized 440,000/818,084 (4752 inst/s | ETA 1.3 min)
    Tokenized 445,000/818,084 (4764 inst/s | ETA 1.3 min)
    Tokenized 450,000/818,084 (4773 inst/s | ETA 1.3 min)
    Tokenized 455,000/818,084 (4776 inst/s | ETA 1.3 min)
    Tokenized 460,000/818,084 (4783 inst/s | ETA 1.2 min)
    Tokenized 465,000/818,084 (4793 inst/s | ETA 1.2 min)
    Tokenized 470,000/818,084 (4809 inst/s | ETA 1.2 min)
    Tokenized 475,000/818,084 (4820 inst/s | ETA 1.2 min)
    Tokenized 480,000/818,084 (4825 inst/s | ETA 1.2 min)
    Tokenized 485,000/818,084 (4830 inst/s | ETA 1.1 min)
    Tokenized 490,000/818,084 (4835 inst/s | ETA 1.1 min)
    Tokenized 495,000/818,084 (4838 inst/s | ETA 1.1 min)
    Tokenized 500,000/818,084 (4842 inst/s | ETA 1.1 min)
    Tokenized 505,000/818,084 (4846 inst/s | ETA 1.1 min)
    Tokenized 510,000/818,084 (4851 inst/s | ETA 1.1 min)
    Tokenized 515,000/818,084 (4859 inst/s | ETA 1.0 min)
    Tokenized 520,000/818,084 (4865 inst/s | ETA 1.0 min)
    Tokenized 525,000/818,084 (4869 inst/s | ETA 1.0 min)
    Tokenized 530,000/818,084 (4873 inst/s | ETA 1.0 min)
    Tokenized 535,000/818,084 (4878 inst/s | ETA 1.0 min)
    Tokenized 540,000/818,084 (4665 inst/s | ETA 1.0 min)
    Tokenized 545,000/818,084 (4674 inst/s | ETA 1.0 min)
    Tokenized 550,000/818,084 (4683 inst/s | ETA 1.0 min)
    Tokenized 555,000/818,084 (4691 inst/s | ETA 0.9 min)
    Tokenized 560,000/818,084 (4700 inst/s | ETA 0.9 min)
    Tokenized 565,000/818,084 (4708 inst/s | ETA 0.9 min)
    Tokenized 570,000/818,084 (4716 inst/s | ETA 0.9 min)
    batch 900/1598 | 460,800/818,084 inst | 155 inst/s | ETA 38.3 min
    Tokenized 575,000/818,084 (4721 inst/s | ETA 0.9 min)
    Tokenized 580,000/818,084 (4728 inst/s | ETA 0.8 min)
    Tokenized 585,000/818,084 (4737 inst/s | ETA 0.8 min)
    Tokenized 590,000/818,084 (4745 inst/s | ETA 0.8 min)
    Tokenized 595,000/818,084 (4749 inst/s | ETA 0.8 min)
    Tokenized 600,000/818,084 (4755 inst/s | ETA 0.8 min)
    Tokenized 605,000/818,084 (4763 inst/s | ETA 0.7 min)
    Tokenized 610,000/818,084 (4768 inst/s | ETA 0.7 min)
    Tokenized 615,000/818,084 (4772 inst/s | ETA 0.7 min)
    Tokenized 620,000/818,084 (4784 inst/s | ETA 0.7 min)
    Tokenized 625,000/818,084 (4790 inst/s | ETA 0.7 min)
    Tokenized 630,000/818,084 (4793 inst/s | ETA 0.7 min)
    Tokenized 635,000/818,084 (4799 inst/s | ETA 0.6 min)
    Tokenized 640,000/818,084 (4809 inst/s | ETA 0.6 min)
    Tokenized 645,000/818,084 (4819 inst/s | ETA 0.6 min)
    Tokenized 650,000/818,084 (4637 inst/s | ETA 0.6 min)
    Tokenized 655,000/818,084 (4645 inst/s | ETA 0.6 min)
    Tokenized 660,000/818,084 (4653 inst/s | ETA 0.6 min)
    Tokenized 665,000/818,084 (4662 inst/s | ETA 0.5 min)
    Tokenized 670,000/818,084 (4672 inst/s | ETA 0.5 min)
    Tokenized 675,000/818,084 (4683 inst/s | ETA 0.5 min)
    Tokenized 680,000/818,084 (4691 inst/s | ETA 0.5 min)
    Tokenized 685,000/818,084 (4694 inst/s | ETA 0.5 min)
    Tokenized 690,000/818,084 (4703 inst/s | ETA 0.5 min)
    Tokenized 695,000/818,084 (4712 inst/s | ETA 0.4 min)
    Tokenized 700,000/818,084 (4718 inst/s | ETA 0.4 min)
    Tokenized 705,000/818,084 (4724 inst/s | ETA 0.4 min)
    Tokenized 710,000/818,084 (4730 inst/s | ETA 0.4 min)
    Tokenized 715,000/818,084 (4734 inst/s | ETA 0.4 min)
    Tokenized 720,000/818,084 (4740 inst/s | ETA 0.3 min)
    Tokenized 725,000/818,084 (4745 inst/s | ETA 0.3 min)
    Tokenized 730,000/818,084 (4749 inst/s | ETA 0.3 min)
    Tokenized 735,000/818,084 (4752 inst/s | ETA 0.3 min)
    Tokenized 740,000/818,084 (4755 inst/s | ETA 0.3 min)
    Tokenized 745,000/818,084 (4759 inst/s | ETA 0.3 min)
    Tokenized 750,000/818,084 (4763 inst/s | ETA 0.2 min)
    Tokenized 755,000/818,084 (4768 inst/s | ETA 0.2 min)
    Tokenized 760,000/818,084 (4772 inst/s | ETA 0.2 min)
    Tokenized 765,000/818,084 (4606 inst/s | ETA 0.2 min)
    Tokenized 770,000/818,084 (4615 inst/s | ETA 0.2 min)
    Tokenized 775,000/818,084 (4620 inst/s | ETA 0.2 min)
    Tokenized 780,000/818,084 (4626 inst/s | ETA 0.1 min)
    Tokenized 785,000/818,084 (4632 inst/s | ETA 0.1 min)
    Tokenized 790,000/818,084 (4638 inst/s | ETA 0.1 min)
    Tokenized 795,000/818,084 (4646 inst/s | ETA 0.1 min)
    Tokenized 800,000/818,084 (4654 inst/s | ETA 0.1 min)
    Tokenized 805,000/818,084 (4659 inst/s | ETA 0.0 min)
    Tokenized 810,000/818,084 (4664 inst/s | ETA 0.0 min)
    Tokenized 815,000/818,084 (4668 inst/s | ETA 0.0 min)
    Tokenized 818,084/818,084 (4669 inst/s | ETA 0.0 min)
  Tokenization complete: 203.3s | shape (818084, 256)
    batch 900/1078 | 460,800/551,446 inst | 146 inst/s | ETA 10.3 min
    batch 900/2675 | 460,800/1,369,530 inst | 152 inst/s | ETA 99.8 min
    batch 800/1078 | 409,600/551,446 inst | 149 inst/s | ETA 15.8 min
    batch 900/2675 | 460,800/1,369,530 inst | 149 inst/s | ETA 101.3 min
    batch 700/2675 | 358,400/1,369,530 inst | 147 inst/s | ETA 114.5 min
    batch 800/1598 | 409,600/818,084 inst | 147 inst/s | ETA 46.2 min
    batch 1000/1598 | 512,000/818,084 inst | 155 inst/s | ETA 32.8 min
    batch 100/1598 | 51,200/818,084 inst | 153 inst/s | ETA 83.3 min
    batch 1000/1078 | 512,000/551,446 inst | 146 inst/s | ETA 4.5 min
    batch 1000/2675 | 512,000/1,369,530 inst | 152 inst/s | ETA 94.2 min
  WARNING: Logs may not be continuous
  WARNING: Logs may not be continuous
    batch 900/1078 | 460,800/551,446 inst | 149 inst/s | ETA 10.1 min
    batch 1000/2675 | 512,000/1,369,530 inst | 149 inst/s | ETA 95.7 min
  WARNING: Logs may not be continuous
  WARNING: Logs may not be continuous
    batch 800/2675 | 409,600/1,369,530 inst | 147 inst/s | ETA 108.7 min
    batch 900/1598 | 460,800/818,084 inst | 147 inst/s | ETA 40.5 min
    batch 1100/1598 | 563,200/818,084 inst | 155 inst/s | ETA 27.4 min
  WARNING: Logs may not be continuous
  WARNING: Logs may not be continuous
  WARNING: Logs may not be continuous
  WARNING: Logs may not be continuous
    batch 1078/1078 | 551,446/551,446 inst | 146 inst/s | ETA 0.0 min
  Saved 15,393 positive predictions → /vol/author_predictions/author_rus_test_stochastic_s2.tsv
  Stopping app - local entrypoint completed.
  Runner terminated.
  ✓ App completed. View run at
  https://modal.com/apps/vaa4207/main/ap-8whsRUgHEf9BkL8o68UPj5
[21:43:13] [rus] Done: author_rus_test_stochastic_s2.tsv
    batch 200/1598 | 102,400/818,084 inst | 152 inst/s | ETA 78.7 min
  WARNING: Logs may not be continuous
  WARNING: Logs may not be continuous
  Data ready: rus_test_blind.txt
  Device: cuda  |  track=rus  |  stochastic=True  |  batch_size=512
  2026-05-11 19:44:47,658 - root - INFO - Loading BERT pre-trained checkpoint.
  2026-05-11 19:44:47,803 - httpx - INFO - HTTP Request: HEAD https://huggingface.co/bert-base-multilingual-cased/resolve/main/config.json "HTTP/1.1 200 OK"
  2026-05-11 19:44:47,908 - httpx - INFO - HTTP Request: GET https://huggingface.co/bert-base-multilingual-cased/resolve/main/config.json "HTTP/1.1 200 OK"
  2026-05-11 19:44:48,021 - httpx - INFO - HTTP Request: HEAD https://huggingface.co/bert-base-multilingual-cased/resolve/main/model.safetensors "HTTP/1.1 302 Found"
  Warning: You are sending unauthenticated requests to the HF Hub. Please set a HF_TOKEN to enable higher rate limits and faster downloads.
  2026-05-11 19:44:48,022 - huggingface_hub.utils._http - WARNING - Warning: You are sending unauthenticated requests to the HF Hub. Please set a HF_TOKEN to enable higher rate limits and faster downloads.
  2026-05-11 19:44:48,144 - httpx - INFO - HTTP Request: GET https://huggingface.co/api/models/google-bert/bert-base-multilingual-cased/xet-read-token/3f076fdb1ab68d5b2880cb87a0886f315b8146f8 "HTTP/1.1 200 OK"
  
  [1ALoading weights:   0%|          | 0/199 [00:00<?, ?it/s]
  [1ALoading weights: 100%|██████████| 199/199 [00:00<00:00, 2284.06it/s]
  [transformers] [1mBertModel LOAD REPORT[0m from: bert-base-multilingual-cased
  Key                                        | Status     |  |
  -------------------------------------------+------------+--+-
  cls.predictions.transform.LayerNorm.bias   | UNEXPECTED |  |
  cls.seq_relationship.weight                | UNEXPECTED |  |
  cls.predictions.bias                       | UNEXPECTED |  |
  cls.predictions.transform.dense.weight     | UNEXPECTED |  |
  cls.seq_relationship.bias                  | UNEXPECTED |  |
  cls.predictions.transform.dense.bias       | UNEXPECTED |  |
  cls.predictions.transform.LayerNorm.weight | UNEXPECTED |  |
  
  Notes:
  - UNEXPECTED:   can be ignored when loading from different task/architecture; not ok if you expect identical arch.
  2026-05-11 19:44:53,270 - httpx - INFO - HTTP Request: HEAD https://huggingface.co/bert-base-multilingual-cased/resolve/main/tokenizer_config.json "HTTP/1.1 200 OK"
  2026-05-11 19:44:53,375 - httpx - INFO - HTTP Request: GET https://huggingface.co/bert-base-multilingual-cased/resolve/main/tokenizer_config.json "HTTP/1.1 200 OK"
  2026-05-11 19:44:53,481 - httpx - INFO - HTTP Request: GET https://huggingface.co/api/models/bert-base-multilingual-cased/tree/main/additional_chat_templates?recursive=false&expand=false "HTTP/1.1 307 Temporary Redirect"
  2026-05-11 19:44:53,584 - httpx - INFO - HTTP Request: GET https://huggingface.co/api/models/google-bert/bert-base-multilingual-cased/tree/main/additional_chat_templates?recursive=false&expand=false "HTTP/1.1 404 Not Found"
  2026-05-11 19:44:53,686 - httpx - INFO - HTTP Request: GET https://huggingface.co/api/models/bert-base-multilingual-cased/tree/main?recursive=true&expand=false "HTTP/1.1 307 Temporary Redirect"
  2026-05-11 19:44:53,790 - httpx - INFO - HTTP Request: GET https://huggingface.co/api/models/google-bert/bert-base-multilingual-cased/tree/main?recursive=true&expand=false "HTTP/1.1 200 OK"
  2026-05-11 19:44:53,894 - httpx - INFO - HTTP Request: HEAD https://huggingface.co/bert-base-multilingual-cased/resolve/main/vocab.txt "HTTP/1.1 200 OK"
  2026-05-11 19:44:54,003 - httpx - INFO - HTTP Request: GET https://huggingface.co/bert-base-multilingual-cased/resolve/main/vocab.txt "HTTP/1.1 200 OK"
  2026-05-11 19:44:54,408 - httpx - INFO - HTTP Request: HEAD https://huggingface.co/bert-base-multilingual-cased/resolve/main/tokenizer.json "HTTP/1.1 200 OK"
  2026-05-11 19:44:54,514 - httpx - INFO - HTTP Request: GET https://huggingface.co/bert-base-multilingual-cased/resolve/main/tokenizer.json "HTTP/1.1 200 OK"
  2026-05-11 19:44:54,961 - httpx - INFO - HTTP Request: HEAD https://huggingface.co/bert-base-multilingual-cased/resolve/main/added_tokens.json "HTTP/1.1 404 Not Found"
  2026-05-11 19:44:55,075 - httpx - INFO - HTTP Request: HEAD https://huggingface.co/bert-base-multilingual-cased/resolve/main/special_tokens_map.json "HTTP/1.1 404 Not Found"
  2026-05-11 19:44:55,181 - httpx - INFO - HTTP Request: HEAD https://huggingface.co/bert-base-multilingual-cased/resolve/main/chat_template.jinja "HTTP/1.1 404 Not Found"
  2026-05-11 19:44:55,855 - httpx - INFO - HTTP Request: GET https://huggingface.co/api/models/bert-base-multilingual-cased "HTTP/1.1 307 Temporary Redirect"
  2026-05-11 19:44:55,959 - httpx - INFO - HTTP Request: GET https://huggingface.co/api/models/google-bert/bert-base-multilingual-cased "HTTP/1.1 200 OK"
  Model loaded.
  Loaded 551,446 instances.
  2026-05-11 19:45:20,601 - httpx - INFO - HTTP Request: HEAD https://huggingface.co/bert-base-multilingual-cased/resolve/main/tokenizer_config.json "HTTP/1.1 200 OK"
  2026-05-11 19:45:20,706 - httpx - INFO - HTTP Request: GET https://huggingface.co/api/models/bert-base-multilingual-cased/tree/main/additional_chat_templates?recursive=false&expand=false "HTTP/1.1 307 Temporary Redirect"
  2026-05-11 19:45:20,809 - httpx - INFO - HTTP Request: GET https://huggingface.co/api/models/google-bert/bert-base-multilingual-cased/tree/main/additional_chat_templates?recursive=false&expand=false "HTTP/1.1 404 Not Found"
  2026-05-11 19:45:20,918 - httpx - INFO - HTTP Request: GET https://huggingface.co/api/models/bert-base-multilingual-cased/tree/main?recursive=true&expand=false "HTTP/1.1 307 Temporary Redirect"
  2026-05-11 19:45:21,025 - httpx - INFO - HTTP Request: GET https://huggingface.co/api/models/google-bert/bert-base-multilingual-cased/tree/main?recursive=true&expand=false "HTTP/1.1 200 OK"
  2026-05-11 19:45:21,760 - httpx - INFO - HTTP Request: GET https://huggingface.co/api/models/bert-base-multilingual-cased "HTTP/1.1 307 Temporary Redirect"
  2026-05-11 19:45:21,863 - httpx - INFO - HTTP Request: GET https://huggingface.co/api/models/google-bert/bert-base-multilingual-cased "HTTP/1.1 200 OK"
    Tokenized 5,000/551,446 (3400 inst/s | ETA 2.7 min)
    Tokenized 10,000/551,446 (2025 inst/s | ETA 4.5 min)
    Tokenized 15,000/551,446 (2504 inst/s | ETA 3.6 min)
    Tokenized 20,000/551,446 (2848 inst/s | ETA 3.1 min)
    Tokenized 25,000/551,446 (3128 inst/s | ETA 2.8 min)
    Tokenized 30,000/551,446 (3317 inst/s | ETA 2.6 min)
    Tokenized 35,000/551,446 (3414 inst/s | ETA 2.5 min)
    Tokenized 40,000/551,446 (3513 inst/s | ETA 2.4 min)
    Tokenized 45,000/551,446 (3593 inst/s | ETA 2.3 min)
    Tokenized 50,000/551,446 (3666 inst/s | ETA 2.3 min)
    Tokenized 55,000/551,446 (3722 inst/s | ETA 2.2 min)
    Tokenized 60,000/551,446 (3774 inst/s | ETA 2.2 min)
    Tokenized 65,000/551,446 (3829 inst/s | ETA 2.1 min)
    Tokenized 70,000/551,446 (3859 inst/s | ETA 2.1 min)
    Tokenized 75,000/551,446 (3497 inst/s | ETA 2.3 min)
    Tokenized 80,000/551,446 (3534 inst/s | ETA 2.2 min)
    Tokenized 85,000/551,446 (3560 inst/s | ETA 2.2 min)
    Tokenized 90,000/551,446 (3589 inst/s | ETA 2.1 min)
    batch 1100/2675 | 563,200/1,369,530 inst | 152 inst/s | ETA 88.6 min
    Tokenized 95,000/551,446 (3621 inst/s | ETA 2.1 min)
    Tokenized 100,000/551,446 (3646 inst/s | ETA 2.1 min)
    Tokenized 105,000/551,446 (3664 inst/s | ETA 2.0 min)
    Tokenized 110,000/551,446 (3677 inst/s | ETA 2.0 min)
    Tokenized 115,000/551,446 (3689 inst/s | ETA 2.0 min)
    Tokenized 120,000/551,446 (3702 inst/s | ETA 1.9 min)
    Tokenized 125,000/551,446 (3719 inst/s | ETA 1.9 min)
    Tokenized 130,000/551,446 (3739 inst/s | ETA 1.9 min)
    Tokenized 135,000/551,446 (3748 inst/s | ETA 1.9 min)
    Tokenized 140,000/551,446 (3476 inst/s | ETA 2.0 min)
    Tokenized 145,000/551,446 (3488 inst/s | ETA 1.9 min)
    Tokenized 150,000/551,446 (3495 inst/s | ETA 1.9 min)
    Tokenized 155,000/551,446 (3507 inst/s | ETA 1.9 min)
    Tokenized 160,000/551,446 (3518 inst/s | ETA 1.9 min)
    Tokenized 165,000/551,446 (3531 inst/s | ETA 1.8 min)
    Tokenized 170,000/551,446 (3547 inst/s | ETA 1.8 min)
    Tokenized 175,000/551,446 (3561 inst/s | ETA 1.8 min)
    Tokenized 180,000/551,446 (3565 inst/s | ETA 1.7 min)
    Tokenized 185,000/551,446 (3565 inst/s | ETA 1.7 min)
    Tokenized 190,000/551,446 (3570 inst/s | ETA 1.7 min)
    Tokenized 195,000/551,446 (3573 inst/s | ETA 1.7 min)
    Tokenized 200,000/551,446 (3581 inst/s | ETA 1.6 min)
    Tokenized 205,000/551,446 (3587 inst/s | ETA 1.6 min)
    batch 1000/1078 | 512,000/551,446 inst | 149 inst/s | ETA 4.4 min
    Tokenized 210,000/551,446 (3430 inst/s | ETA 1.7 min)
    Tokenized 215,000/551,446 (3439 inst/s | ETA 1.6 min)
    Tokenized 220,000/551,446 (3446 inst/s | ETA 1.6 min)
    Tokenized 225,000/551,446 (3452 inst/s | ETA 1.6 min)
    Tokenized 230,000/551,446 (3465 inst/s | ETA 1.5 min)
    Tokenized 235,000/551,446 (3473 inst/s | ETA 1.5 min)
    Tokenized 240,000/551,446 (3484 inst/s | ETA 1.5 min)
    Tokenized 245,000/551,446 (3500 inst/s | ETA 1.5 min)
    Tokenized 250,000/551,446 (3514 inst/s | ETA 1.4 min)
    Tokenized 255,000/551,446 (3524 inst/s | ETA 1.4 min)
    Tokenized 260,000/551,446 (3529 inst/s | ETA 1.4 min)
    Tokenized 265,000/551,446 (3536 inst/s | ETA 1.4 min)
    Tokenized 270,000/551,446 (3549 inst/s | ETA 1.3 min)
    Tokenized 275,000/551,446 (3559 inst/s | ETA 1.3 min)
    Tokenized 280,000/551,446 (3423 inst/s | ETA 1.3 min)
    Tokenized 285,000/551,446 (3427 inst/s | ETA 1.3 min)
    Tokenized 290,000/551,446 (3436 inst/s | ETA 1.3 min)
    Tokenized 295,000/551,446 (3440 inst/s | ETA 1.2 min)
    Tokenized 300,000/551,446 (3448 inst/s | ETA 1.2 min)
    Tokenized 305,000/551,446 (3460 inst/s | ETA 1.2 min)
    Tokenized 310,000/551,446 (3464 inst/s | ETA 1.2 min)
    Tokenized 315,000/551,446 (3466 inst/s | ETA 1.1 min)
    Tokenized 320,000/551,446 (3475 inst/s | ETA 1.1 min)
    Tokenized 325,000/551,446 (3486 inst/s | ETA 1.1 min)
    batch 1100/2675 | 563,200/1,369,530 inst | 149 inst/s | ETA 90.0 min
    Tokenized 330,000/551,446 (3496 inst/s | ETA 1.1 min)
    Tokenized 335,000/551,446 (3504 inst/s | ETA 1.0 min)
    Tokenized 340,000/551,446 (3511 inst/s | ETA 1.0 min)
    Tokenized 345,000/551,446 (3517 inst/s | ETA 1.0 min)
    batch 900/2675 | 460,800/1,369,530 inst | 147 inst/s | ETA 102.9 min
    Tokenized 350,000/551,446 (3381 inst/s | ETA 1.0 min)
    Tokenized 355,000/551,446 (3387 inst/s | ETA 1.0 min)
    Tokenized 360,000/551,446 (3393 inst/s | ETA 0.9 min)
    Tokenized 365,000/551,446 (3402 inst/s | ETA 0.9 min)
    Tokenized 370,000/551,446 (3408 inst/s | ETA 0.9 min)
    Tokenized 375,000/551,446 (3416 inst/s | ETA 0.9 min)
    Tokenized 380,000/551,446 (3424 inst/s | ETA 0.8 min)
    Tokenized 385,000/551,446 (3429 inst/s | ETA 0.8 min)
    Tokenized 390,000/551,446 (3437 inst/s | ETA 0.8 min)
    Tokenized 395,000/551,446 (3442 inst/s | ETA 0.8 min)
    Tokenized 400,000/551,446 (3444 inst/s | ETA 0.7 min)
    batch 1200/1598 | 614,400/818,084 inst | 155 inst/s | ETA 21.9 min
    Tokenized 405,000/551,446 (3449 inst/s | ETA 0.7 min)
    Tokenized 410,000/551,446 (3452 inst/s | ETA 0.7 min)
    Tokenized 415,000/551,446 (3456 inst/s | ETA 0.7 min)
    Tokenized 420,000/551,446 (3460 inst/s | ETA 0.6 min)
    batch 1000/1598 | 512,000/818,084 inst | 147 inst/s | ETA 34.7 min
    Tokenized 425,000/551,446 (3357 inst/s | ETA 0.6 min)
    Tokenized 430,000/551,446 (3362 inst/s | ETA 0.6 min)
    Tokenized 435,000/551,446 (3364 inst/s | ETA 0.6 min)
    Tokenized 440,000/551,446 (3366 inst/s | ETA 0.6 min)
    Tokenized 445,000/551,446 (3373 inst/s | ETA 0.5 min)
    Tokenized 450,000/551,446 (3378 inst/s | ETA 0.5 min)
    Tokenized 455,000/551,446 (3382 inst/s | ETA 0.5 min)
    Tokenized 460,000/551,446 (3389 inst/s | ETA 0.4 min)
    Tokenized 465,000/551,446 (3394 inst/s | ETA 0.4 min)
    Tokenized 470,000/551,446 (3400 inst/s | ETA 0.4 min)
    Tokenized 475,000/551,446 (3403 inst/s | ETA 0.4 min)
    Tokenized 480,000/551,446 (3409 inst/s | ETA 0.3 min)
    Tokenized 485,000/551,446 (3416 inst/s | ETA 0.3 min)
    Tokenized 490,000/551,446 (3421 inst/s | ETA 0.3 min)
    Tokenized 495,000/551,446 (3426 inst/s | ETA 0.3 min)
    Tokenized 500,000/551,446 (3429 inst/s | ETA 0.3 min)
    Tokenized 505,000/551,446 (3320 inst/s | ETA 0.2 min)
    Tokenized 510,000/551,446 (3322 inst/s | ETA 0.2 min)
    Tokenized 515,000/551,446 (3325 inst/s | ETA 0.2 min)
    Tokenized 520,000/551,446 (3328 inst/s | ETA 0.2 min)
    Tokenized 525,000/551,446 (3334 inst/s | ETA 0.1 min)
    Tokenized 530,000/551,446 (3338 inst/s | ETA 0.1 min)
    Tokenized 535,000/551,446 (3341 inst/s | ETA 0.1 min)
    Tokenized 540,000/551,446 (3348 inst/s | ETA 0.1 min)
    Tokenized 545,000/551,446 (3355 inst/s | ETA 0.0 min)
    Tokenized 550,000/551,446 (3357 inst/s | ETA 0.0 min)
    Tokenized 551,446/551,446 (3354 inst/s | ETA 0.0 min)
  Tokenization complete: 192.9s | shape (551446, 256)
    batch 300/1598 | 153,600/818,084 inst | 151 inst/s | ETA 73.3 min
  Runner interrupted due to worker preemption. Your Function will be restarted with the same input. For more details, see https://modal.com/docs/guide/preemption
    batch 1078/1078 | 551,446/551,446 inst | 149 inst/s | ETA 0.0 min
  Saved 15,308 positive predictions → /vol/author_predictions/author_rus_test_stochastic_s3.tsv
  Stopping app - local entrypoint completed.
  Runner terminated.
  ✓ App completed. View run at
  https://modal.com/apps/vaa4207/main/ap-GFQ20Z89sXc36qTe88T6wV
[21:50:58] [rus] Done: author_rus_test_stochastic_s3.tsv
  Data ready: bilingual_test_blind.txt
  Device: cuda  |  track=bil  |  stochastic=False  |  batch_size=512
  2026-05-11 19:51:18,402 - root - INFO - Loading BERT pre-trained checkpoint.
  2026-05-11 19:51:18,450 - httpx - INFO - HTTP Request: HEAD https://huggingface.co/bert-base-multilingual-cased/resolve/main/config.json "HTTP/1.1 200 OK"
  Warning: You are sending unauthenticated requests to the HF Hub. Please set a HF_TOKEN to enable higher rate limits and faster downloads.
  2026-05-11 19:51:18,450 - huggingface_hub.utils._http - WARNING - Warning: You are sending unauthenticated requests to the HF Hub. Please set a HF_TOKEN to enable higher rate limits and faster downloads.
  2026-05-11 19:51:18,477 - httpx - INFO - HTTP Request: GET https://huggingface.co/bert-base-multilingual-cased/resolve/main/config.json "HTTP/1.1 200 OK"
  2026-05-11 19:51:18,504 - httpx - INFO - HTTP Request: HEAD https://huggingface.co/bert-base-multilingual-cased/resolve/main/model.safetensors "HTTP/1.1 302 Found"
  2026-05-11 19:51:18,537 - httpx - INFO - HTTP Request: GET https://huggingface.co/api/models/google-bert/bert-base-multilingual-cased/xet-read-token/3f076fdb1ab68d5b2880cb87a0886f315b8146f8 "HTTP/1.1 200 OK"
  
  [1ALoading weights:   0%|          | 0/199 [00:00<?, ?it/s]Loading weights: 100%|██████████| 199/199 [00:00<00:00, 3077.47it/s]
  [transformers] [1mBertModel LOAD REPORT[0m from: bert-base-multilingual-cased
  Key                                        | Status     |  |
  -------------------------------------------+------------+--+-
  cls.seq_relationship.bias                  | UNEXPECTED |  |
  cls.seq_relationship.weight                | UNEXPECTED |  |
  cls.predictions.bias                       | UNEXPECTED |  |
  cls.predictions.transform.LayerNorm.weight | UNEXPECTED |  |
  cls.predictions.transform.LayerNorm.bias   | UNEXPECTED |  |
  cls.predictions.transform.dense.bias       | UNEXPECTED |  |
  cls.predictions.transform.dense.weight     | UNEXPECTED |  |
  
  Notes:
  - UNEXPECTED:   can be ignored when loading from different task/architecture; not ok if you expect identical arch.
  2026-05-11 19:51:21,913 - httpx - INFO - HTTP Request: HEAD https://huggingface.co/bert-base-multilingual-cased/resolve/main/tokenizer_config.json "HTTP/1.1 200 OK"
  2026-05-11 19:51:21,930 - httpx - INFO - HTTP Request: GET https://huggingface.co/bert-base-multilingual-cased/resolve/main/tokenizer_config.json "HTTP/1.1 200 OK"
  2026-05-11 19:51:21,947 - httpx - INFO - HTTP Request: GET https://huggingface.co/api/models/bert-base-multilingual-cased/tree/main/additional_chat_templates?recursive=false&expand=false "HTTP/1.1 307 Temporary Redirect"
  2026-05-11 19:51:21,965 - httpx - INFO - HTTP Request: GET https://huggingface.co/api/models/google-bert/bert-base-multilingual-cased/tree/main/additional_chat_templates?recursive=false&expand=false "HTTP/1.1 404 Not Found"
  2026-05-11 19:51:21,984 - httpx - INFO - HTTP Request: GET https://huggingface.co/api/models/bert-base-multilingual-cased/tree/main?recursive=true&expand=false "HTTP/1.1 307 Temporary Redirect"
  2026-05-11 19:51:22,008 - httpx - INFO - HTTP Request: GET https://huggingface.co/api/models/google-bert/bert-base-multilingual-cased/tree/main?recursive=true&expand=false "HTTP/1.1 200 OK"
  2026-05-11 19:51:22,029 - httpx - INFO - HTTP Request: HEAD https://huggingface.co/bert-base-multilingual-cased/resolve/main/vocab.txt "HTTP/1.1 200 OK"
  2026-05-11 19:51:22,054 - httpx - INFO - HTTP Request: GET https://huggingface.co/bert-base-multilingual-cased/resolve/main/vocab.txt "HTTP/1.1 200 OK"
  2026-05-11 19:51:22,100 - httpx - INFO - HTTP Request: HEAD https://huggingface.co/bert-base-multilingual-cased/resolve/main/tokenizer.json "HTTP/1.1 200 OK"
  2026-05-11 19:51:22,119 - httpx - INFO - HTTP Request: GET https://huggingface.co/bert-base-multilingual-cased/resolve/main/tokenizer.json "HTTP/1.1 200 OK"
  2026-05-11 19:51:22,187 - httpx - INFO - HTTP Request: HEAD https://huggingface.co/bert-base-multilingual-cased/resolve/main/added_tokens.json "HTTP/1.1 404 Not Found"
  2026-05-11 19:51:22,209 - httpx - INFO - HTTP Request: HEAD https://huggingface.co/bert-base-multilingual-cased/resolve/main/special_tokens_map.json "HTTP/1.1 404 Not Found"
  2026-05-11 19:51:22,228 - httpx - INFO - HTTP Request: HEAD https://huggingface.co/bert-base-multilingual-cased/resolve/main/chat_template.jinja "HTTP/1.1 404 Not Found"
  2026-05-11 19:51:22,602 - httpx - INFO - HTTP Request: GET https://huggingface.co/api/models/bert-base-multilingual-cased "HTTP/1.1 307 Temporary Redirect"
  2026-05-11 19:51:22,622 - httpx - INFO - HTTP Request: GET https://huggingface.co/api/models/google-bert/bert-base-multilingual-cased "HTTP/1.1 200 OK"
    batch 1200/2675 | 614,400/1,369,530 inst | 152 inst/s | ETA 83.0 min
  Model loaded.
  Loaded 1,369,530 instances.
  2026-05-11 19:52:14,297 - httpx - INFO - HTTP Request: HEAD https://huggingface.co/bert-base-multilingual-cased/resolve/main/tokenizer_config.json "HTTP/1.1 200 OK"
  2026-05-11 19:52:14,315 - httpx - INFO - HTTP Request: GET https://huggingface.co/api/models/bert-base-multilingual-cased/tree/main/additional_chat_templates?recursive=false&expand=false "HTTP/1.1 307 Temporary Redirect"
  2026-05-11 19:52:14,333 - httpx - INFO - HTTP Request: GET https://huggingface.co/api/models/google-bert/bert-base-multilingual-cased/tree/main/additional_chat_templates?recursive=false&expand=false "HTTP/1.1 404 Not Found"
  2026-05-11 19:52:14,352 - httpx - INFO - HTTP Request: GET https://huggingface.co/api/models/bert-base-multilingual-cased/tree/main?recursive=true&expand=false "HTTP/1.1 307 Temporary Redirect"
  2026-05-11 19:52:14,369 - httpx - INFO - HTTP Request: GET https://huggingface.co/api/models/google-bert/bert-base-multilingual-cased/tree/main?recursive=true&expand=false "HTTP/1.1 200 OK"
  2026-05-11 19:52:14,847 - httpx - INFO - HTTP Request: GET https://huggingface.co/api/models/bert-base-multilingual-cased "HTTP/1.1 307 Temporary Redirect"
  2026-05-11 19:52:14,868 - httpx - INFO - HTTP Request: GET https://huggingface.co/api/models/google-bert/bert-base-multilingual-cased "HTTP/1.1 200 OK"
    Tokenized 5,000/1,369,530 (2988 inst/s | ETA 7.6 min)
    Tokenized 10,000/1,369,530 (2911 inst/s | ETA 7.8 min)
    Tokenized 15,000/1,369,530 (3666 inst/s | ETA 6.2 min)
    Tokenized 20,000/1,369,530 (4276 inst/s | ETA 5.3 min)
    Tokenized 25,000/1,369,530 (4734 inst/s | ETA 4.7 min)
    Tokenized 30,000/1,369,530 (5082 inst/s | ETA 4.4 min)
    Tokenized 35,000/1,369,530 (5383 inst/s | ETA 4.1 min)
    Tokenized 40,000/1,369,530 (5624 inst/s | ETA 3.9 min)
    Tokenized 45,000/1,369,530 (5756 inst/s | ETA 3.8 min)
    Tokenized 50,000/1,369,530 (5842 inst/s | ETA 3.8 min)
    Tokenized 55,000/1,369,530 (5954 inst/s | ETA 3.7 min)
    Tokenized 60,000/1,369,530 (6016 inst/s | ETA 3.6 min)
    Tokenized 65,000/1,369,530 (5948 inst/s | ETA 3.7 min)
    Tokenized 70,000/1,369,530 (4153 inst/s | ETA 5.2 min)
    Tokenized 75,000/1,369,530 (4287 inst/s | ETA 5.0 min)
    Tokenized 80,000/1,369,530 (4409 inst/s | ETA 4.9 min)
    Tokenized 85,000/1,369,530 (4473 inst/s | ETA 4.8 min)
    Tokenized 90,000/1,369,530 (4546 inst/s | ETA 4.7 min)
    Tokenized 95,000/1,369,530 (4625 inst/s | ETA 4.6 min)
    Tokenized 100,000/1,369,530 (4687 inst/s | ETA 4.5 min)
    Tokenized 105,000/1,369,530 (4748 inst/s | ETA 4.4 min)
    Tokenized 110,000/1,369,530 (4810 inst/s | ETA 4.4 min)
    Tokenized 115,000/1,369,530 (4861 inst/s | ETA 4.3 min)
    Tokenized 120,000/1,369,530 (4922 inst/s | ETA 4.2 min)
    batch 1200/2675 | 614,400/1,369,530 inst | 149 inst/s | ETA 84.3 min
    Tokenized 125,000/1,369,530 (4974 inst/s | ETA 4.2 min)
    Tokenized 130,000/1,369,530 (5011 inst/s | ETA 4.1 min)
    Tokenized 135,000/1,369,530 (5040 inst/s | ETA 4.1 min)
    Tokenized 140,000/1,369,530 (5073 inst/s | ETA 4.0 min)
    Tokenized 145,000/1,369,530 (5102 inst/s | ETA 4.0 min)
    Tokenized 150,000/1,369,530 (5129 inst/s | ETA 4.0 min)
    Tokenized 155,000/1,369,530 (5158 inst/s | ETA 3.9 min)
    Tokenized 160,000/1,369,530 (5190 inst/s | ETA 3.9 min)
    Tokenized 165,000/1,369,530 (5226 inst/s | ETA 3.8 min)
    batch 1300/1598 | 665,600/818,084 inst | 155 inst/s | ETA 16.4 min
    Tokenized 170,000/1,369,530 (5258 inst/s | ETA 3.8 min)
    Tokenized 175,000/1,369,530 (5298 inst/s | ETA 3.8 min)
    Tokenized 180,000/1,369,530 (5309 inst/s | ETA 3.7 min)
    Tokenized 185,000/1,369,530 (5309 inst/s | ETA 3.7 min)
    Tokenized 190,000/1,369,530 (5300 inst/s | ETA 3.7 min)
    batch 1000/2675 | 512,000/1,369,530 inst | 147 inst/s | ETA 97.1 min
    Tokenized 195,000/1,369,530 (5312 inst/s | ETA 3.7 min)
    Tokenized 200,000/1,369,530 (5330 inst/s | ETA 3.7 min)
    Tokenized 205,000/1,369,530 (5338 inst/s | ETA 3.6 min)
    Tokenized 210,000/1,369,530 (5332 inst/s | ETA 3.6 min)
    Tokenized 215,000/1,369,530 (4876 inst/s | ETA 3.9 min)
    Tokenized 220,000/1,369,530 (4891 inst/s | ETA 3.9 min)
    Tokenized 225,000/1,369,530 (4914 inst/s | ETA 3.9 min)
    Tokenized 230,000/1,369,530 (4934 inst/s | ETA 3.8 min)
    Tokenized 235,000/1,369,530 (4953 inst/s | ETA 3.8 min)
    Tokenized 240,000/1,369,530 (4973 inst/s | ETA 3.8 min)
    Tokenized 245,000/1,369,530 (4994 inst/s | ETA 3.8 min)
    Tokenized 250,000/1,369,530 (4984 inst/s | ETA 3.7 min)
    Tokenized 255,000/1,369,530 (4973 inst/s | ETA 3.7 min)
    Tokenized 260,000/1,369,530 (4971 inst/s | ETA 3.7 min)
    Tokenized 265,000/1,369,530 (4990 inst/s | ETA 3.7 min)
    Tokenized 270,000/1,369,530 (5009 inst/s | ETA 3.7 min)
    Tokenized 275,000/1,369,530 (5027 inst/s | ETA 3.6 min)
    Tokenized 280,000/1,369,530 (5044 inst/s | ETA 3.6 min)
    Tokenized 285,000/1,369,530 (5063 inst/s | ETA 3.6 min)
    Tokenized 290,000/1,369,530 (5083 inst/s | ETA 3.5 min)
    Tokenized 295,000/1,369,530 (5102 inst/s | ETA 3.5 min)
    batch 1100/1598 | 563,200/818,084 inst | 147 inst/s | ETA 28.9 min
    Tokenized 300,000/1,369,530 (5116 inst/s | ETA 3.5 min)
    Tokenized 305,000/1,369,530 (5129 inst/s | ETA 3.5 min)
    Tokenized 310,000/1,369,530 (5145 inst/s | ETA 3.4 min)
    Tokenized 315,000/1,369,530 (5164 inst/s | ETA 3.4 min)
    Tokenized 320,000/1,369,530 (5180 inst/s | ETA 3.4 min)
    Tokenized 325,000/1,369,530 (5191 inst/s | ETA 3.4 min)
    Tokenized 330,000/1,369,530 (5207 inst/s | ETA 3.3 min)
    Tokenized 335,000/1,369,530 (5229 inst/s | ETA 3.3 min)
    Tokenized 340,000/1,369,530 (5244 inst/s | ETA 3.3 min)
    Tokenized 345,000/1,369,530 (5265 inst/s | ETA 3.2 min)
    Tokenized 350,000/1,369,530 (5283 inst/s | ETA 3.2 min)
    Tokenized 355,000/1,369,530 (5288 inst/s | ETA 3.2 min)
    Tokenized 360,000/1,369,530 (5297 inst/s | ETA 3.2 min)
    Tokenized 365,000/1,369,530 (4989 inst/s | ETA 3.4 min)
    Tokenized 370,000/1,369,530 (5011 inst/s | ETA 3.3 min)
    Tokenized 375,000/1,369,530 (5026 inst/s | ETA 3.3 min)
    Tokenized 380,000/1,369,530 (5034 inst/s | ETA 3.3 min)
    Tokenized 385,000/1,369,530 (5037 inst/s | ETA 3.3 min)
    Tokenized 390,000/1,369,530 (5048 inst/s | ETA 3.2 min)
    Tokenized 395,000/1,369,530 (5060 inst/s | ETA 3.2 min)
    Tokenized 400,000/1,369,530 (5073 inst/s | ETA 3.2 min)
    Tokenized 405,000/1,369,530 (5093 inst/s | ETA 3.2 min)
    Tokenized 410,000/1,369,530 (5119 inst/s | ETA 3.1 min)
    Tokenized 415,000/1,369,530 (5141 inst/s | ETA 3.1 min)
    Tokenized 420,000/1,369,530 (5146 inst/s | ETA 3.1 min)
    Tokenized 425,000/1,369,530 (5147 inst/s | ETA 3.1 min)
    Tokenized 430,000/1,369,530 (5156 inst/s | ETA 3.0 min)
    Tokenized 435,000/1,369,530 (5172 inst/s | ETA 3.0 min)
    Tokenized 440,000/1,369,530 (5192 inst/s | ETA 3.0 min)
    Tokenized 445,000/1,369,530 (5186 inst/s | ETA 3.0 min)
    Tokenized 450,000/1,369,530 (5170 inst/s | ETA 3.0 min)
    Tokenized 455,000/1,369,530 (5152 inst/s | ETA 3.0 min)
    Tokenized 460,000/1,369,530 (5150 inst/s | ETA 2.9 min)
    Tokenized 465,000/1,369,530 (5147 inst/s | ETA 2.9 min)
    Tokenized 470,000/1,369,530 (5155 inst/s | ETA 2.9 min)
    Tokenized 475,000/1,369,530 (5162 inst/s | ETA 2.9 min)
    Tokenized 480,000/1,369,530 (5164 inst/s | ETA 2.9 min)
    Tokenized 485,000/1,369,530 (5166 inst/s | ETA 2.9 min)
    Tokenized 490,000/1,369,530 (5176 inst/s | ETA 2.8 min)
    Tokenized 495,000/1,369,530 (5183 inst/s | ETA 2.8 min)
    Tokenized 500,000/1,369,530 (5194 inst/s | ETA 2.8 min)
    Tokenized 505,000/1,369,530 (5205 inst/s | ETA 2.8 min)
    Tokenized 510,000/1,369,530 (5215 inst/s | ETA 2.7 min)
    Tokenized 515,000/1,369,530 (4979 inst/s | ETA 2.9 min)
    Tokenized 520,000/1,369,530 (4991 inst/s | ETA 2.8 min)
    Tokenized 525,000/1,369,530 (4999 inst/s | ETA 2.8 min)
    Tokenized 530,000/1,369,530 (5008 inst/s | ETA 2.8 min)
    Tokenized 535,000/1,369,530 (5016 inst/s | ETA 2.8 min)
    Tokenized 540,000/1,369,530 (5020 inst/s | ETA 2.8 min)
    Tokenized 545,000/1,369,530 (5028 inst/s | ETA 2.7 min)
    Tokenized 550,000/1,369,530 (5036 inst/s | ETA 2.7 min)
    Tokenized 555,000/1,369,530 (5042 inst/s | ETA 2.7 min)
    Tokenized 560,000/1,369,530 (5050 inst/s | ETA 2.7 min)
    Tokenized 565,000/1,369,530 (5055 inst/s | ETA 2.7 min)
    Tokenized 570,000/1,369,530 (5059 inst/s | ETA 2.6 min)
    Tokenized 575,000/1,369,530 (5058 inst/s | ETA 2.6 min)
    Tokenized 580,000/1,369,530 (5064 inst/s | ETA 2.6 min)
    Tokenized 585,000/1,369,530 (5071 inst/s | ETA 2.6 min)
    Tokenized 590,000/1,369,530 (5076 inst/s | ETA 2.6 min)
    Tokenized 595,000/1,369,530 (5081 inst/s | ETA 2.5 min)
    Tokenized 600,000/1,369,530 (5082 inst/s | ETA 2.5 min)
    Tokenized 605,000/1,369,530 (5089 inst/s | ETA 2.5 min)
    Tokenized 610,000/1,369,530 (5091 inst/s | ETA 2.5 min)
    Tokenized 615,000/1,369,530 (5088 inst/s | ETA 2.5 min)
  Data ready: eng_test_blind.txt
  Device: cuda  |  track=eng  |  stochastic=True  |  batch_size=512
    Tokenized 620,000/1,369,530 (5092 inst/s | ETA 2.5 min)
    Tokenized 625,000/1,369,530 (5099 inst/s | ETA 2.4 min)
    Tokenized 630,000/1,369,530 (5099 inst/s | ETA 2.4 min)
    Tokenized 635,000/1,369,530 (5104 inst/s | ETA 2.4 min)
    Tokenized 640,000/1,369,530 (5112 inst/s | ETA 2.4 min)
    Tokenized 645,000/1,369,530 (5124 inst/s | ETA 2.4 min)
    Tokenized 650,000/1,369,530 (5132 inst/s | ETA 2.3 min)
  2026-05-11 19:54:22,363 - root - INFO - Loading BERT pre-trained checkpoint.
    Tokenized 655,000/1,369,530 (5137 inst/s | ETA 2.3 min)
  2026-05-11 19:54:22,495 - httpx - INFO - HTTP Request: HEAD https://huggingface.co/bert-base-multilingual-cased/resolve/main/config.json "HTTP/1.1 200 OK"
  2026-05-11 19:54:22,585 - httpx - INFO - HTTP Request: GET https://huggingface.co/bert-base-multilingual-cased/resolve/main/config.json "HTTP/1.1 200 OK"
  Warning: You are sending unauthenticated requests to the HF Hub. Please set a HF_TOKEN to enable higher rate limits and faster downloads.
  2026-05-11 19:54:22,585 - huggingface_hub.utils._http - WARNING - Warning: You are sending unauthenticated requests to the HF Hub. Please set a HF_TOKEN to enable higher rate limits and faster downloads.
  2026-05-11 19:54:22,684 - httpx - INFO - HTTP Request: HEAD https://huggingface.co/bert-base-multilingual-cased/resolve/main/model.safetensors "HTTP/1.1 302 Found"
  2026-05-11 19:54:22,781 - httpx - INFO - HTTP Request: GET https://huggingface.co/api/models/google-bert/bert-base-multilingual-cased/xet-read-token/3f076fdb1ab68d5b2880cb87a0886f315b8146f8 "HTTP/1.1 200 OK"
    Tokenized 660,000/1,369,530 (5144 inst/s | ETA 2.3 min)
    Tokenized 665,000/1,369,530 (5155 inst/s | ETA 2.3 min)
    Tokenized 670,000/1,369,530 (5166 inst/s | ETA 2.3 min)
  
  [1ALoading weights:   0%|          | 0/199 [00:00<?, ?it/s]Loading weights: 100%|██████████| 199/199 [00:00<00:00, 2196.77it/s]
  [transformers] [1mBertModel LOAD REPORT[0m from: bert-base-multilingual-cased
  Key                                        | Status     |  |
  -------------------------------------------+------------+--+-
  cls.seq_relationship.weight                | UNEXPECTED |  |
  cls.predictions.transform.LayerNorm.weight | UNEXPECTED |  |
  cls.predictions.bias                       | UNEXPECTED |  |
  cls.predictions.transform.LayerNorm.bias   | UNEXPECTED |  |
  cls.seq_relationship.bias                  | UNEXPECTED |  |
  cls.predictions.transform.dense.weight     | UNEXPECTED |  |
  cls.predictions.transform.dense.bias       | UNEXPECTED |  |
  
  Notes:
  - UNEXPECTED:   can be ignored when loading from different task/architecture; not ok if you expect identical arch.
  2026-05-11 19:54:28,555 - httpx - INFO - HTTP Request: HEAD https://huggingface.co/bert-base-multilingual-cased/resolve/main/tokenizer_config.json "HTTP/1.1 200 OK"
  2026-05-11 19:54:28,639 - httpx - INFO - HTTP Request: GET https://huggingface.co/bert-base-multilingual-cased/resolve/main/tokenizer_config.json "HTTP/1.1 200 OK"
  2026-05-11 19:54:28,749 - httpx - INFO - HTTP Request: GET https://huggingface.co/api/models/bert-base-multilingual-cased/tree/main/additional_chat_templates?recursive=false&expand=false "HTTP/1.1 307 Temporary Redirect"
  2026-05-11 19:54:28,837 - httpx - INFO - HTTP Request: GET https://huggingface.co/api/models/google-bert/bert-base-multilingual-cased/tree/main/additional_chat_templates?recursive=false&expand=false "HTTP/1.1 404 Not Found"
  2026-05-11 19:54:28,920 - httpx - INFO - HTTP Request: GET https://huggingface.co/api/models/bert-base-multilingual-cased/tree/main?recursive=true&expand=false "HTTP/1.1 307 Temporary Redirect"
  2026-05-11 19:54:29,001 - httpx - INFO - HTTP Request: GET https://huggingface.co/api/models/google-bert/bert-base-multilingual-cased/tree/main?recursive=true&expand=false "HTTP/1.1 200 OK"
  2026-05-11 19:54:29,087 - httpx - INFO - HTTP Request: HEAD https://huggingface.co/bert-base-multilingual-cased/resolve/main/vocab.txt "HTTP/1.1 200 OK"
  2026-05-11 19:54:29,165 - httpx - INFO - HTTP Request: GET https://huggingface.co/bert-base-multilingual-cased/resolve/main/vocab.txt "HTTP/1.1 200 OK"
  2026-05-11 19:54:29,461 - httpx - INFO - HTTP Request: HEAD https://huggingface.co/bert-base-multilingual-cased/resolve/main/tokenizer.json "HTTP/1.1 200 OK"
  2026-05-11 19:54:29,547 - httpx - INFO - HTTP Request: GET https://huggingface.co/bert-base-multilingual-cased/resolve/main/tokenizer.json "HTTP/1.1 200 OK"
  2026-05-11 19:54:29,855 - httpx - INFO - HTTP Request: HEAD https://huggingface.co/bert-base-multilingual-cased/resolve/main/added_tokens.json "HTTP/1.1 404 Not Found"
  2026-05-11 19:54:29,946 - httpx - INFO - HTTP Request: HEAD https://huggingface.co/bert-base-multilingual-cased/resolve/main/special_tokens_map.json "HTTP/1.1 404 Not Found"
  2026-05-11 19:54:30,028 - httpx - INFO - HTTP Request: HEAD https://huggingface.co/bert-base-multilingual-cased/resolve/main/chat_template.jinja "HTTP/1.1 404 Not Found"
  2026-05-11 19:54:30,698 - httpx - INFO - HTTP Request: GET https://huggingface.co/api/models/bert-base-multilingual-cased "HTTP/1.1 307 Temporary Redirect"
  2026-05-11 19:54:30,780 - httpx - INFO - HTTP Request: GET https://huggingface.co/api/models/google-bert/bert-base-multilingual-cased "HTTP/1.1 200 OK"
    Tokenized 675,000/1,369,530 (4966 inst/s | ETA 2.3 min)
    Tokenized 680,000/1,369,530 (4973 inst/s | ETA 2.3 min)
    Tokenized 685,000/1,369,530 (4979 inst/s | ETA 2.3 min)
    batch 100/1078 | 51,200/551,446 inst | 143 inst/s | ETA 58.3 min
    Tokenized 690,000/1,369,530 (4989 inst/s | ETA 2.3 min)
    Tokenized 695,000/1,369,530 (5000 inst/s | ETA 2.2 min)
    Tokenized 700,000/1,369,530 (5006 inst/s | ETA 2.2 min)
  Model loaded.
    Tokenized 705,000/1,369,530 (5012 inst/s | ETA 2.2 min)
    Tokenized 710,000/1,369,530 (5020 inst/s | ETA 2.2 min)
    Tokenized 715,000/1,369,530 (5028 inst/s | ETA 2.2 min)
    Tokenized 720,000/1,369,530 (5036 inst/s | ETA 2.1 min)
    Tokenized 725,000/1,369,530 (5043 inst/s | ETA 2.1 min)
    Tokenized 730,000/1,369,530 (5050 inst/s | ETA 2.1 min)
    Tokenized 735,000/1,369,530 (5053 inst/s | ETA 2.1 min)
    Tokenized 740,000/1,369,530 (5057 inst/s | ETA 2.1 min)
    Tokenized 745,000/1,369,530 (5063 inst/s | ETA 2.1 min)
    Tokenized 750,000/1,369,530 (5069 inst/s | ETA 2.0 min)
    Tokenized 755,000/1,369,530 (5076 inst/s | ETA 2.0 min)
    Tokenized 760,000/1,369,530 (5084 inst/s | ETA 2.0 min)
    Tokenized 765,000/1,369,530 (5093 inst/s | ETA 2.0 min)
    Tokenized 770,000/1,369,530 (5102 inst/s | ETA 2.0 min)
    Tokenized 775,000/1,369,530 (5106 inst/s | ETA 1.9 min)
    Tokenized 780,000/1,369,530 (5111 inst/s | ETA 1.9 min)
    Tokenized 785,000/1,369,530 (5115 inst/s | ETA 1.9 min)
    Tokenized 790,000/1,369,530 (5114 inst/s | ETA 1.9 min)
    Tokenized 795,000/1,369,530 (5120 inst/s | ETA 1.9 min)
    Tokenized 800,000/1,369,530 (5128 inst/s | ETA 1.9 min)
    Tokenized 805,000/1,369,530 (5133 inst/s | ETA 1.8 min)
    Tokenized 810,000/1,369,530 (5136 inst/s | ETA 1.8 min)
    Tokenized 815,000/1,369,530 (5139 inst/s | ETA 1.8 min)
    Tokenized 820,000/1,369,530 (5142 inst/s | ETA 1.8 min)
    Tokenized 825,000/1,369,530 (5146 inst/s | ETA 1.8 min)
    Tokenized 830,000/1,369,530 (5150 inst/s | ETA 1.7 min)
    Tokenized 835,000/1,369,530 (5155 inst/s | ETA 1.7 min)
    Tokenized 840,000/1,369,530 (5161 inst/s | ETA 1.7 min)
  Loaded 818,084 instances.
  2026-05-11 19:55:04,043 - httpx - INFO - HTTP Request: HEAD https://huggingface.co/bert-base-multilingual-cased/resolve/main/tokenizer_config.json "HTTP/1.1 200 OK"
  2026-05-11 19:55:04,126 - httpx - INFO - HTTP Request: GET https://huggingface.co/api/models/bert-base-multilingual-cased/tree/main/additional_chat_templates?recursive=false&expand=false "HTTP/1.1 307 Temporary Redirect"
  2026-05-11 19:55:04,207 - httpx - INFO - HTTP Request: GET https://huggingface.co/api/models/google-bert/bert-base-multilingual-cased/tree/main/additional_chat_templates?recursive=false&expand=false "HTTP/1.1 404 Not Found"
  2026-05-11 19:55:04,292 - httpx - INFO - HTTP Request: GET https://huggingface.co/api/models/bert-base-multilingual-cased/tree/main?recursive=true&expand=false "HTTP/1.1 307 Temporary Redirect"
  2026-05-11 19:55:04,378 - httpx - INFO - HTTP Request: GET https://huggingface.co/api/models/google-bert/bert-base-multilingual-cased/tree/main?recursive=true&expand=false "HTTP/1.1 200 OK"
    Tokenized 845,000/1,369,530 (4980 inst/s | ETA 1.8 min)
  2026-05-11 19:55:05,179 - httpx - INFO - HTTP Request: GET https://huggingface.co/api/models/bert-base-multilingual-cased "HTTP/1.1 307 Temporary Redirect"
  2026-05-11 19:55:05,266 - httpx - INFO - HTTP Request: GET https://huggingface.co/api/models/google-bert/bert-base-multilingual-cased "HTTP/1.1 200 OK"
    Tokenized 850,000/1,369,530 (4985 inst/s | ETA 1.7 min)
    Tokenized 855,000/1,369,530 (4987 inst/s | ETA 1.7 min)
    Tokenized 5,000/818,084 (3043 inst/s | ETA 4.5 min)
    Tokenized 860,000/1,369,530 (4991 inst/s | ETA 1.7 min)
    Tokenized 865,000/1,369,530 (4996 inst/s | ETA 1.7 min)
    Tokenized 10,000/818,084 (3113 inst/s | ETA 4.3 min)
    Tokenized 870,000/1,369,530 (5001 inst/s | ETA 1.7 min)
    Tokenized 15,000/818,084 (3595 inst/s | ETA 3.7 min)
    Tokenized 875,000/1,369,530 (5004 inst/s | ETA 1.6 min)
    Tokenized 20,000/818,084 (3958 inst/s | ETA 3.4 min)
    Tokenized 880,000/1,369,530 (5010 inst/s | ETA 1.6 min)
    Tokenized 25,000/818,084 (4201 inst/s | ETA 3.1 min)
    Tokenized 885,000/1,369,530 (5015 inst/s | ETA 1.6 min)
    Tokenized 890,000/1,369,530 (5018 inst/s | ETA 1.6 min)
    Tokenized 30,000/818,084 (4378 inst/s | ETA 3.0 min)
    Tokenized 895,000/1,369,530 (5021 inst/s | ETA 1.6 min)
    Tokenized 35,000/818,084 (4526 inst/s | ETA 2.9 min)
    Tokenized 900,000/1,369,530 (5025 inst/s | ETA 1.6 min)
    Tokenized 40,000/818,084 (4632 inst/s | ETA 2.8 min)
    Tokenized 905,000/1,369,530 (5028 inst/s | ETA 1.5 min)
    Tokenized 45,000/818,084 (4653 inst/s | ETA 2.8 min)
    Tokenized 910,000/1,369,530 (5032 inst/s | ETA 1.5 min)
    Tokenized 50,000/818,084 (4651 inst/s | ETA 2.8 min)
    Tokenized 915,000/1,369,530 (5037 inst/s | ETA 1.5 min)
    Tokenized 920,000/1,369,530 (5041 inst/s | ETA 1.5 min)
    Tokenized 925,000/1,369,530 (5044 inst/s | ETA 1.5 min)
    Tokenized 930,000/1,369,530 (5046 inst/s | ETA 1.5 min)
    Tokenized 55,000/818,084 (3739 inst/s | ETA 3.4 min)
    Tokenized 935,000/1,369,530 (5049 inst/s | ETA 1.4 min)
    Tokenized 940,000/1,369,530 (5050 inst/s | ETA 1.4 min)
    Tokenized 60,000/818,084 (3825 inst/s | ETA 3.3 min)
    Tokenized 65,000/818,084 (3900 inst/s | ETA 3.2 min)
    Tokenized 945,000/1,369,530 (5054 inst/s | ETA 1.4 min)
    Tokenized 950,000/1,369,530 (5057 inst/s | ETA 1.4 min)
    Tokenized 70,000/818,084 (3945 inst/s | ETA 3.2 min)
    Tokenized 955,000/1,369,530 (5056 inst/s | ETA 1.4 min)
    Tokenized 75,000/818,084 (4010 inst/s | ETA 3.1 min)
    Tokenized 80,000/818,084 (4068 inst/s | ETA 3.0 min)
    Tokenized 960,000/1,369,530 (5050 inst/s | ETA 1.4 min)
    Tokenized 965,000/1,369,530 (5046 inst/s | ETA 1.3 min)
    Tokenized 85,000/818,084 (4059 inst/s | ETA 3.0 min)
    Tokenized 970,000/1,369,530 (5043 inst/s | ETA 1.3 min)
    Tokenized 90,000/818,084 (4064 inst/s | ETA 3.0 min)
    Tokenized 975,000/1,369,530 (5044 inst/s | ETA 1.3 min)
    Tokenized 95,000/818,084 (4066 inst/s | ETA 3.0 min)
    Tokenized 980,000/1,369,530 (5044 inst/s | ETA 1.3 min)
    Tokenized 100,000/818,084 (4057 inst/s | ETA 2.9 min)
    Tokenized 985,000/1,369,530 (5044 inst/s | ETA 1.3 min)
    Tokenized 990,000/1,369,530 (5047 inst/s | ETA 1.3 min)
    Tokenized 105,000/818,084 (4057 inst/s | ETA 2.9 min)
    Tokenized 995,000/1,369,530 (5042 inst/s | ETA 1.2 min)
    Tokenized 110,000/818,084 (4057 inst/s | ETA 2.9 min)
    Tokenized 1,000,000/1,369,530 (5041 inst/s | ETA 1.2 min)
    Tokenized 115,000/818,084 (4058 inst/s | ETA 2.9 min)
    Tokenized 1,005,000/1,369,530 (5040 inst/s | ETA 1.2 min)
    Tokenized 120,000/818,084 (4069 inst/s | ETA 2.9 min)
    Tokenized 1,010,000/1,369,530 (5040 inst/s | ETA 1.2 min)
    Tokenized 125,000/818,084 (4081 inst/s | ETA 2.8 min)
    Tokenized 130,000/818,084 (4089 inst/s | ETA 2.8 min)
    Tokenized 135,000/818,084 (4089 inst/s | ETA 2.8 min)
    Tokenized 140,000/818,084 (4092 inst/s | ETA 2.8 min)
    Tokenized 1,015,000/1,369,530 (4876 inst/s | ETA 1.2 min)
    Tokenized 145,000/818,084 (3755 inst/s | ETA 3.0 min)
    Tokenized 1,020,000/1,369,530 (4879 inst/s | ETA 1.2 min)
    Tokenized 1,025,000/1,369,530 (4882 inst/s | ETA 1.2 min)
    Tokenized 150,000/818,084 (3758 inst/s | ETA 3.0 min)
    Tokenized 1,030,000/1,369,530 (4884 inst/s | ETA 1.2 min)
    Tokenized 155,000/818,084 (3769 inst/s | ETA 2.9 min)
    Tokenized 1,035,000/1,369,530 (4887 inst/s | ETA 1.1 min)
    Tokenized 1,040,000/1,369,530 (4888 inst/s | ETA 1.1 min)
    Tokenized 160,000/818,084 (3779 inst/s | ETA 2.9 min)
    Tokenized 1,045,000/1,369,530 (4892 inst/s | ETA 1.1 min)
    Tokenized 165,000/818,084 (3794 inst/s | ETA 2.9 min)
    Tokenized 1,050,000/1,369,530 (4896 inst/s | ETA 1.1 min)
    Tokenized 170,000/818,084 (3805 inst/s | ETA 2.8 min)
    Tokenized 1,055,000/1,369,530 (4900 inst/s | ETA 1.1 min)
    Tokenized 1,060,000/1,369,530 (4903 inst/s | ETA 1.1 min)
    Tokenized 175,000/818,084 (3824 inst/s | ETA 2.8 min)
    Tokenized 1,065,000/1,369,530 (4908 inst/s | ETA 1.0 min)
    Tokenized 180,000/818,084 (3823 inst/s | ETA 2.8 min)
    Tokenized 1,070,000/1,369,530 (4912 inst/s | ETA 1.0 min)
    Tokenized 1,075,000/1,369,530 (4913 inst/s | ETA 1.0 min)
    Tokenized 185,000/818,084 (3814 inst/s | ETA 2.8 min)
    Tokenized 1,080,000/1,369,530 (4913 inst/s | ETA 1.0 min)
    Tokenized 190,000/818,084 (3806 inst/s | ETA 2.8 min)
    Tokenized 1,085,000/1,369,530 (4914 inst/s | ETA 1.0 min)
    Tokenized 195,000/818,084 (3810 inst/s | ETA 2.7 min)
    Tokenized 1,090,000/1,369,530 (4916 inst/s | ETA 0.9 min)
    Tokenized 200,000/818,084 (3813 inst/s | ETA 2.7 min)
    Tokenized 1,095,000/1,369,530 (4908 inst/s | ETA 0.9 min)
    Tokenized 205,000/818,084 (3813 inst/s | ETA 2.7 min)
    Tokenized 1,100,000/1,369,530 (4901 inst/s | ETA 0.9 min)
    Tokenized 210,000/818,084 (3808 inst/s | ETA 2.7 min)
    Tokenized 1,105,000/1,369,530 (4892 inst/s | ETA 0.9 min)
    Tokenized 215,000/818,084 (3807 inst/s | ETA 2.6 min)
    Tokenized 1,110,000/1,369,530 (4885 inst/s | ETA 0.9 min)
    Tokenized 220,000/818,084 (3804 inst/s | ETA 2.6 min)
    Tokenized 1,115,000/1,369,530 (4883 inst/s | ETA 0.9 min)
    Tokenized 1,120,000/1,369,530 (4884 inst/s | ETA 0.9 min)
    Tokenized 225,000/818,084 (3808 inst/s | ETA 2.6 min)
    Tokenized 1,125,000/1,369,530 (4884 inst/s | ETA 0.8 min)
    Tokenized 230,000/818,084 (3810 inst/s | ETA 2.6 min)
    Tokenized 1,130,000/1,369,530 (4882 inst/s | ETA 0.8 min)
    Tokenized 235,000/818,084 (3818 inst/s | ETA 2.5 min)
    Tokenized 1,135,000/1,369,530 (4882 inst/s | ETA 0.8 min)
    Tokenized 1,140,000/1,369,530 (4885 inst/s | ETA 0.8 min)
    Tokenized 1,145,000/1,369,530 (4889 inst/s | ETA 0.8 min)
    Tokenized 1,150,000/1,369,530 (4891 inst/s | ETA 0.7 min)
    Tokenized 1,155,000/1,369,530 (4891 inst/s | ETA 0.7 min)
    Tokenized 240,000/818,084 (3626 inst/s | ETA 2.7 min)
    Tokenized 1,160,000/1,369,530 (4893 inst/s | ETA 0.7 min)
    Tokenized 245,000/818,084 (3637 inst/s | ETA 2.6 min)
    Tokenized 1,165,000/1,369,530 (4892 inst/s | ETA 0.7 min)
    Tokenized 250,000/818,084 (3651 inst/s | ETA 2.6 min)
    Tokenized 1,170,000/1,369,530 (4891 inst/s | ETA 0.7 min)
    Tokenized 255,000/818,084 (3661 inst/s | ETA 2.6 min)
    Tokenized 1,175,000/1,369,530 (4890 inst/s | ETA 0.7 min)
    Tokenized 1,180,000/1,369,530 (4892 inst/s | ETA 0.6 min)
    Tokenized 260,000/818,084 (3670 inst/s | ETA 2.5 min)
    Tokenized 1,185,000/1,369,530 (4893 inst/s | ETA 0.6 min)
    Tokenized 265,000/818,084 (3681 inst/s | ETA 2.5 min)
    Tokenized 1,190,000/1,369,530 (4893 inst/s | ETA 0.6 min)
    Tokenized 270,000/818,084 (3689 inst/s | ETA 2.5 min)
    Tokenized 275,000/818,084 (3695 inst/s | ETA 2.4 min)
    Tokenized 280,000/818,084 (3698 inst/s | ETA 2.4 min)
    Tokenized 285,000/818,084 (3708 inst/s | ETA 2.4 min)
    Tokenized 290,000/818,084 (3717 inst/s | ETA 2.4 min)
    Tokenized 295,000/818,084 (3725 inst/s | ETA 2.3 min)
    Tokenized 300,000/818,084 (3727 inst/s | ETA 2.3 min)
    Tokenized 1,195,000/1,369,530 (4746 inst/s | ETA 0.6 min)
    Tokenized 305,000/818,084 (3730 inst/s | ETA 2.3 min)
    Tokenized 1,200,000/1,369,530 (4748 inst/s | ETA 0.6 min)
    Tokenized 310,000/818,084 (3736 inst/s | ETA 2.3 min)
    Tokenized 1,205,000/1,369,530 (4749 inst/s | ETA 0.6 min)
    Tokenized 1,210,000/1,369,530 (4752 inst/s | ETA 0.6 min)
    Tokenized 315,000/818,084 (3744 inst/s | ETA 2.2 min)
    Tokenized 1,215,000/1,369,530 (4754 inst/s | ETA 0.5 min)
    Tokenized 320,000/818,084 (3751 inst/s | ETA 2.2 min)
    Tokenized 1,220,000/1,369,530 (4757 inst/s | ETA 0.5 min)
    Tokenized 325,000/818,084 (3755 inst/s | ETA 2.2 min)
    Tokenized 1,225,000/1,369,530 (4759 inst/s | ETA 0.5 min)
    Tokenized 330,000/818,084 (3762 inst/s | ETA 2.2 min)
    Tokenized 1,230,000/1,369,530 (4761 inst/s | ETA 0.5 min)
    Tokenized 1,235,000/1,369,530 (4764 inst/s | ETA 0.5 min)
    Tokenized 1,240,000/1,369,530 (4766 inst/s | ETA 0.5 min)
    Tokenized 1,245,000/1,369,530 (4770 inst/s | ETA 0.4 min)
    Tokenized 1,250,000/1,369,530 (4773 inst/s | ETA 0.4 min)
    Tokenized 1,255,000/1,369,530 (4774 inst/s | ETA 0.4 min)
    Tokenized 335,000/818,084 (3617 inst/s | ETA 2.2 min)
    Tokenized 1,260,000/1,369,530 (4776 inst/s | ETA 0.4 min)
    Tokenized 340,000/818,084 (3625 inst/s | ETA 2.2 min)
    Tokenized 1,265,000/1,369,530 (4780 inst/s | ETA 0.4 min)
    Tokenized 345,000/818,084 (3639 inst/s | ETA 2.2 min)
    Tokenized 1,270,000/1,369,530 (4782 inst/s | ETA 0.3 min)
    Tokenized 1,275,000/1,369,530 (4784 inst/s | ETA 0.3 min)
    Tokenized 350,000/818,084 (3649 inst/s | ETA 2.1 min)
    Tokenized 1,280,000/1,369,530 (4788 inst/s | ETA 0.3 min)
    Tokenized 355,000/818,084 (3653 inst/s | ETA 2.1 min)
    Tokenized 1,285,000/1,369,530 (4790 inst/s | ETA 0.3 min)
    Tokenized 360,000/818,084 (3655 inst/s | ETA 2.1 min)
    Tokenized 1,290,000/1,369,530 (4792 inst/s | ETA 0.3 min)
    Tokenized 1,295,000/1,369,530 (4794 inst/s | ETA 0.3 min)
    Tokenized 365,000/818,084 (3657 inst/s | ETA 2.1 min)
    Tokenized 1,300,000/1,369,530 (4797 inst/s | ETA 0.2 min)
    Tokenized 370,000/818,084 (3670 inst/s | ETA 2.0 min)
    Tokenized 1,305,000/1,369,530 (4799 inst/s | ETA 0.2 min)
    Tokenized 375,000/818,084 (3675 inst/s | ETA 2.0 min)
    Tokenized 1,310,000/1,369,530 (4801 inst/s | ETA 0.2 min)
    Tokenized 1,315,000/1,369,530 (4803 inst/s | ETA 0.2 min)
    Tokenized 380,000/818,084 (3672 inst/s | ETA 2.0 min)
    Tokenized 1,320,000/1,369,530 (4804 inst/s | ETA 0.2 min)
    Tokenized 385,000/818,084 (3672 inst/s | ETA 2.0 min)
    Tokenized 1,325,000/1,369,530 (4804 inst/s | ETA 0.2 min)
    Tokenized 390,000/818,084 (3676 inst/s | ETA 1.9 min)
    Tokenized 1,330,000/1,369,530 (4804 inst/s | ETA 0.1 min)
    Tokenized 395,000/818,084 (3683 inst/s | ETA 1.9 min)
    Tokenized 1,335,000/1,369,530 (4806 inst/s | ETA 0.1 min)
    Tokenized 1,340,000/1,369,530 (4809 inst/s | ETA 0.1 min)
    Tokenized 400,000/818,084 (3689 inst/s | ETA 1.9 min)
    Tokenized 1,345,000/1,369,530 (4812 inst/s | ETA 0.1 min)
    Tokenized 405,000/818,084 (3699 inst/s | ETA 1.9 min)
    Tokenized 1,350,000/1,369,530 (4813 inst/s | ETA 0.1 min)
    Tokenized 410,000/818,084 (3718 inst/s | ETA 1.8 min)
    Tokenized 1,355,000/1,369,530 (4815 inst/s | ETA 0.1 min)
    Tokenized 415,000/818,084 (3731 inst/s | ETA 1.8 min)
    Tokenized 1,360,000/1,369,530 (4819 inst/s | ETA 0.0 min)
    Tokenized 420,000/818,084 (3731 inst/s | ETA 1.8 min)
    Tokenized 1,365,000/1,369,530 (4823 inst/s | ETA 0.0 min)
    Tokenized 1,369,530/1,369,530 (4821 inst/s | ETA 0.0 min)
    Tokenized 425,000/818,084 (3728 inst/s | ETA 1.8 min)
    Tokenized 430,000/818,084 (3732 inst/s | ETA 1.7 min)
    batch 1300/2675 | 665,600/1,369,530 inst | 152 inst/s | ETA 77.4 min
    Tokenized 435,000/818,084 (3607 inst/s | ETA 1.8 min)
    Tokenized 440,000/818,084 (3618 inst/s | ETA 1.7 min)
    Tokenized 445,000/818,084 (3628 inst/s | ETA 1.7 min)
    Tokenized 450,000/818,084 (3633 inst/s | ETA 1.7 min)
    Tokenized 455,000/818,084 (3632 inst/s | ETA 1.7 min)
    Tokenized 460,000/818,084 (3633 inst/s | ETA 1.6 min)
    Tokenized 465,000/818,084 (3635 inst/s | ETA 1.6 min)
    Tokenized 470,000/818,084 (3644 inst/s | ETA 1.6 min)
    Tokenized 475,000/818,084 (3651 inst/s | ETA 1.6 min)
    Tokenized 480,000/818,084 (3652 inst/s | ETA 1.5 min)
    Tokenized 485,000/818,084 (3652 inst/s | ETA 1.5 min)
    Tokenized 490,000/818,084 (3656 inst/s | ETA 1.5 min)
    Tokenized 495,000/818,084 (3657 inst/s | ETA 1.5 min)
    Tokenized 500,000/818,084 (3662 inst/s | ETA 1.4 min)
    Tokenized 505,000/818,084 (3669 inst/s | ETA 1.4 min)
    Tokenized 510,000/818,084 (3673 inst/s | ETA 1.4 min)
    Tokenized 515,000/818,084 (3678 inst/s | ETA 1.4 min)
    Tokenized 520,000/818,084 (3684 inst/s | ETA 1.3 min)
    Tokenized 525,000/818,084 (3688 inst/s | ETA 1.3 min)
    Tokenized 530,000/818,084 (3691 inst/s | ETA 1.3 min)
    Tokenized 535,000/818,084 (3694 inst/s | ETA 1.3 min)
    Tokenized 540,000/818,084 (3552 inst/s | ETA 1.3 min)
    Tokenized 545,000/818,084 (3555 inst/s | ETA 1.3 min)
    Tokenized 550,000/818,084 (3558 inst/s | ETA 1.3 min)
    Tokenized 555,000/818,084 (3560 inst/s | ETA 1.2 min)
    Tokenized 560,000/818,084 (3564 inst/s | ETA 1.2 min)
    Tokenized 565,000/818,084 (3567 inst/s | ETA 1.2 min)
    Tokenized 570,000/818,084 (3570 inst/s | ETA 1.2 min)
    Tokenized 575,000/818,084 (3571 inst/s | ETA 1.1 min)
    Tokenized 580,000/818,084 (3574 inst/s | ETA 1.1 min)
  Tokenization complete: 333.2s | shape (1369530, 256)
    Tokenized 585,000/818,084 (3579 inst/s | ETA 1.1 min)
    Tokenized 590,000/818,084 (3580 inst/s | ETA 1.1 min)
    Tokenized 595,000/818,084 (3583 inst/s | ETA 1.0 min)
    Tokenized 600,000/818,084 (3586 inst/s | ETA 1.0 min)
    Tokenized 605,000/818,084 (3592 inst/s | ETA 1.0 min)
    Tokenized 610,000/818,084 (3594 inst/s | ETA 1.0 min)
    Tokenized 615,000/818,084 (3598 inst/s | ETA 0.9 min)
    Tokenized 620,000/818,084 (3606 inst/s | ETA 0.9 min)
    Tokenized 625,000/818,084 (3611 inst/s | ETA 0.9 min)
    Tokenized 630,000/818,084 (3611 inst/s | ETA 0.9 min)
    Tokenized 635,000/818,084 (3613 inst/s | ETA 0.8 min)
    Tokenized 640,000/818,084 (3617 inst/s | ETA 0.8 min)
    Tokenized 645,000/818,084 (3623 inst/s | ETA 0.8 min)
    Tokenized 650,000/818,084 (3508 inst/s | ETA 0.8 min)
    Tokenized 655,000/818,084 (3512 inst/s | ETA 0.8 min)
    Tokenized 660,000/818,084 (3518 inst/s | ETA 0.7 min)
    Tokenized 665,000/818,084 (3525 inst/s | ETA 0.7 min)
    Tokenized 670,000/818,084 (3532 inst/s | ETA 0.7 min)
    Tokenized 675,000/818,084 (3541 inst/s | ETA 0.7 min)
    Tokenized 680,000/818,084 (3547 inst/s | ETA 0.6 min)
    batch 1400/1598 | 716,800/818,084 inst | 155 inst/s | ETA 10.9 min
    Tokenized 685,000/818,084 (3550 inst/s | ETA 0.6 min)
    Tokenized 690,000/818,084 (3556 inst/s | ETA 0.6 min)
    Tokenized 695,000/818,084 (3562 inst/s | ETA 0.6 min)
    Tokenized 700,000/818,084 (3566 inst/s | ETA 0.6 min)
    Tokenized 705,000/818,084 (3569 inst/s | ETA 0.5 min)
    Tokenized 710,000/818,084 (3572 inst/s | ETA 0.5 min)
    batch 1300/2675 | 665,600/1,369,530 inst | 149 inst/s | ETA 78.6 min
    Tokenized 715,000/818,084 (3576 inst/s | ETA 0.5 min)
    Tokenized 720,000/818,084 (3580 inst/s | ETA 0.5 min)
    Tokenized 725,000/818,084 (3583 inst/s | ETA 0.4 min)
    Tokenized 730,000/818,084 (3586 inst/s | ETA 0.4 min)
    Tokenized 735,000/818,084 (3586 inst/s | ETA 0.4 min)
    Tokenized 740,000/818,084 (3587 inst/s | ETA 0.4 min)
    Tokenized 745,000/818,084 (3589 inst/s | ETA 0.3 min)
    Tokenized 750,000/818,084 (3591 inst/s | ETA 0.3 min)
    Tokenized 755,000/818,084 (3594 inst/s | ETA 0.3 min)
    Tokenized 760,000/818,084 (3598 inst/s | ETA 0.3 min)
    batch 1100/2675 | 563,200/1,369,530 inst | 147 inst/s | ETA 91.3 min
    Tokenized 765,000/818,084 (3506 inst/s | ETA 0.3 min)
    Tokenized 770,000/818,084 (3512 inst/s | ETA 0.2 min)
    Tokenized 775,000/818,084 (3514 inst/s | ETA 0.2 min)
    Tokenized 780,000/818,084 (3518 inst/s | ETA 0.2 min)
    Tokenized 785,000/818,084 (3520 inst/s | ETA 0.2 min)
    Tokenized 790,000/818,084 (3522 inst/s | ETA 0.1 min)
    Tokenized 795,000/818,084 (3526 inst/s | ETA 0.1 min)
    Tokenized 800,000/818,084 (3530 inst/s | ETA 0.1 min)
    Tokenized 805,000/818,084 (3533 inst/s | ETA 0.1 min)
    Tokenized 810,000/818,084 (3535 inst/s | ETA 0.0 min)
    Tokenized 815,000/818,084 (3535 inst/s | ETA 0.0 min)
    Tokenized 818,084/818,084 (3537 inst/s | ETA 0.0 min)
    batch 1200/1598 | 614,400/818,084 inst | 147 inst/s | ETA 23.1 min
  Tokenization complete: 273.8s | shape (818084, 256)
    batch 200/1078 | 102,400/551,446 inst | 143 inst/s | ETA 52.3 min
    batch 1400/2675 | 716,800/1,369,530 inst | 152 inst/s | ETA 71.8 min
    batch 100/2675 | 51,200/1,369,530 inst | 153 inst/s | ETA 143.8 min
    batch 1500/1598 | 768,000/818,084 inst | 155 inst/s | ETA 5.4 min
    batch 1400/2675 | 716,800/1,369,530 inst | 149 inst/s | ETA 72.9 min
    batch 1200/2675 | 614,400/1,369,530 inst | 147 inst/s | ETA 85.5 min
    batch 1300/1598 | 665,600/818,084 inst | 147 inst/s | ETA 17.3 min
    batch 100/1598 | 51,200/818,084 inst | 141 inst/s | ETA 90.3 min
    batch 300/1078 | 153,600/551,446 inst | 143 inst/s | ETA 46.3 min
    batch 1500/2675 | 768,000/1,369,530 inst | 152 inst/s | ETA 66.1 min
    batch 200/2675 | 102,400/1,369,530 inst | 152 inst/s | ETA 139.3 min
    batch 1598/1598 | 818,084/818,084 inst | 155 inst/s | ETA 0.0 min
  Saved 21,608 positive predictions → /vol/author_predictions/author_eng_test_stochastic_s2.tsv
  Stopping app - local entrypoint completed.
  Runner terminated.
  ✓ App completed. View run at
  https://modal.com/apps/vaa4207/main/ap-pfkCtBI1VKjMEk6udidSDX
[22:09:20] [eng] Done: author_eng_test_stochastic_s2.tsv
    batch 1500/2675 | 768,000/1,369,530 inst | 149 inst/s | ETA 67.2 min
    batch 1300/2675 | 665,600/1,369,530 inst | 147 inst/s | ETA 79.7 min
    batch 1400/1598 | 716,800/818,084 inst | 147 inst/s | ETA 11.5 min
    batch 200/1598 | 102,400/818,084 inst | 142 inst/s | ETA 84.3 min
    batch 400/1078 | 204,800/551,446 inst | 143 inst/s | ETA 40.4 min
    batch 1600/2675 | 819,200/1,369,530 inst | 152 inst/s | ETA 60.5 min
    batch 300/2675 | 153,600/1,369,530 inst | 151 inst/s | ETA 133.9 min
    batch 1600/2675 | 819,200/1,369,530 inst | 149 inst/s | ETA 61.5 min
    batch 1400/2675 | 716,800/1,369,530 inst | 147 inst/s | ETA 73.9 min
    batch 1500/1598 | 768,000/818,084 inst | 147 inst/s | ETA 5.7 min
    batch 300/1598 | 153,600/818,084 inst | 142 inst/s | ETA 78.2 min
    batch 500/1078 | 256,000/551,446 inst | 143 inst/s | ETA 34.4 min
    batch 1700/2675 | 870,400/1,369,530 inst | 152 inst/s | ETA 54.9 min
    batch 400/2675 | 204,800/1,369,530 inst | 151 inst/s | ETA 128.4 min
    batch 1700/2675 | 870,400/1,369,530 inst | 149 inst/s | ETA 55.8 min
    batch 1500/2675 | 768,000/1,369,530 inst | 147 inst/s | ETA 68.1 min
    batch 1598/1598 | 818,084/818,084 inst | 147 inst/s | ETA 0.0 min
  Saved 21,544 positive predictions → /vol/author_predictions/author_eng_test_stochastic_s1.tsv
  Stopping app - local entrypoint completed.
  Runner terminated.
  ✓ App completed. View run at
  https://modal.com/apps/vaa4207/main/ap-gyc9OO2xwyLCqJYh9etB5d
[22:22:21] [eng] Done: author_eng_test_stochastic_s1.tsv
    batch 400/1598 | 204,800/818,084 inst | 142 inst/s | ETA 72.2 min
    batch 600/1078 | 307,200/551,446 inst | 143 inst/s | ETA 28.5 min
    batch 1800/2675 | 921,600/1,369,530 inst | 152 inst/s | ETA 49.2 min
    batch 500/2675 | 256,000/1,369,530 inst | 151 inst/s | ETA 123.0 min
    batch 1800/2675 | 921,600/1,369,530 inst | 149 inst/s | ETA 50.1 min
    batch 1600/2675 | 819,200/1,369,530 inst | 147 inst/s | ETA 62.3 min
    batch 500/1598 | 256,000/818,084 inst | 142 inst/s | ETA 66.2 min
    batch 700/1078 | 358,400/551,446 inst | 143 inst/s | ETA 22.5 min
    batch 1900/2675 | 972,800/1,369,530 inst | 152 inst/s | ETA 43.6 min
    batch 600/2675 | 307,200/1,369,530 inst | 151 inst/s | ETA 117.4 min
    batch 1900/2675 | 972,800/1,369,530 inst | 149 inst/s | ETA 44.4 min
    batch 1700/2675 | 870,400/1,369,530 inst | 147 inst/s | ETA 56.5 min
    batch 600/1598 | 307,200/818,084 inst | 142 inst/s | ETA 60.2 min
    batch 800/1078 | 409,600/551,446 inst | 143 inst/s | ETA 16.5 min
    batch 2000/2675 | 1,024,000/1,369,530 inst | 152 inst/s | ETA 38.0 min
    batch 700/2675 | 358,400/1,369,530 inst | 151 inst/s | ETA 111.8 min
    batch 2000/2675 | 1,024,000/1,369,530 inst | 149 inst/s | ETA 38.6 min
    batch 1800/2675 | 921,600/1,369,530 inst | 147 inst/s | ETA 50.7 min
    batch 700/1598 | 358,400/818,084 inst | 142 inst/s | ETA 54.1 min
    batch 2100/2675 | 1,075,200/1,369,530 inst | 152 inst/s | ETA 32.4 min
    batch 900/1078 | 460,800/551,446 inst | 143 inst/s | ETA 10.6 min
    batch 800/2675 | 409,600/1,369,530 inst | 151 inst/s | ETA 106.2 min
    batch 2100/2675 | 1,075,200/1,369,530 inst | 149 inst/s | ETA 32.9 min
    batch 1900/2675 | 972,800/1,369,530 inst | 147 inst/s | ETA 44.9 min
    batch 2200/2675 | 1,126,400/1,369,530 inst | 152 inst/s | ETA 26.7 min
    batch 800/1598 | 409,600/818,084 inst | 142 inst/s | ETA 48.1 min
    batch 1000/1078 | 512,000/551,446 inst | 143 inst/s | ETA 4.6 min
    batch 900/2675 | 460,800/1,369,530 inst | 151 inst/s | ETA 100.5 min
    batch 2200/2675 | 1,126,400/1,369,530 inst | 149 inst/s | ETA 27.2 min
    batch 2000/2675 | 1,024,000/1,369,530 inst | 147 inst/s | ETA 39.1 min
    batch 1078/1078 | 551,446/551,446 inst | 143 inst/s | ETA 0.0 min
  Saved 15,379 positive predictions → /vol/author_predictions/author_rus_test_stochastic_s1.tsv
  Stopping app - local entrypoint completed.
  Runner terminated.
  ✓ App completed. View run at
  https://modal.com/apps/vaa4207/main/ap-hAvQ9THgQk28ZDhY6JM1Cs
[22:52:59] [rus] Done: author_rus_test_stochastic_s1.tsv
[22:52:59] [rus] Running ensemble → author_rus_test_ensemble.tsv
[22:52:59] [rus_ensemble] $ modal run BioNNE-R/modal_app.py::ensemble_track --track rus
  ✓ Initialized. View run at
  https://modal.com/apps/vaa4207/main/ap-FgPngcIAxQLWSzy5PYL2Ik
  ✓ Created objects.
  ├── 🔨 Created mount /home/obi/competitions/NEREL-BIO/BioNNE-R/modal_app.py
  ├── 🔨 Created mount /home/obi/competitions/NEREL-BIO/BioNNE-R/RECOVERY_PLAN.md
  ├── 🔨 Created mount /home/obi/competitions/NEREL-BIO/BioNNE-R/baseline/score.py
  ├── 🔨 Created mount
  │   /home/obi/competitions/NEREL-BIO/BioNNE-R/baseline/data/valid_triplets.json
  ├── 🔨 Created mount
  │   /home/obi/competitions/NEREL-BIO/BioNNE-R/baseline/bionne_model.py
  ├── 🔨 Created mount
  │   /home/obi/competitions/NEREL-BIO/BioNNE-R/baseline/bionne_train.py
  ├── 🔨 Created mount
  │   /home/obi/competitions/NEREL-BIO/BioNNE-R/baseline/prepare_data.py
  ├── 🔨 Created mount
  │   /home/obi/competitions/NEREL-BIO/BioNNE-R/baseline/bionne_predict.py
  ├── 🔨 Created mount
  │   /home/obi/competitions/NEREL-BIO/BioNNE-R/baseline/bionne_dataset.py
  ├── 🔨 Created mount
  │   /home/obi/competitions/NEREL-BIO/BioNNE-R/baseline/baseline.py
  ├── 🔨 Created function extract_single_split.
  ├── 🔨 Created function concat_bilingual.
  ├── 🔨 Created function train_model.
  ├── 🔨 Created function predict_model.
  ├── 🔨 Created function ensemble_track.
  ├── 🔨 Created function inspect_checkpoints.
  ├── 🔨 Created mount
  │   /home/obi/competitions/NEREL-BIO/BioNNE-R/baseline/patch_opennre.py
  └── 🔨 Created function author_baseline_predict.
    author_rus_test_deterministic.tsv: 17,882 rows
    author_rus_test_stochastic_s1.tsv: 15,379 rows
    author_rus_test_stochastic_s2.tsv: 15,393 rows
    author_rus_test_stochastic_s3.tsv: 15,308 rows
  Unique pairs: 20,742
    batch 2300/2675 | 1,177,600/1,369,530 inst | 152 inst/s | ETA 21.1 min
    batch 900/1598 | 460,800/818,084 inst | 142 inst/s | ETA 42.1 min
    batch 1000/2675 | 512,000/1,369,530 inst | 151 inst/s | ETA 94.9 min
    batch 2300/2675 | 1,177,600/1,369,530 inst | 149 inst/s | ETA 21.5 min
    batch 2100/2675 | 1,075,200/1,369,530 inst | 147 inst/s | ETA 33.3 min
  Ensemble → author_rus_test_ensemble.tsv: 16,866 positive predictions
  Stopping app - local entrypoint completed.
  ✓ App completed. View run at
  https://modal.com/apps/vaa4207/main/ap-FgPngcIAxQLWSzy5PYL2Ik
[22:57:16] [rus_dl] $ modal volume get bionne-v2 author_predictions/author_rus_test_ensemble.tsv /home/obi/competitions/NEREL-BIO/baseline/outputs/author_rus_test_ensemble.tsv
  Usage: modal volume get [OPTIONS] VOLUME_NAME REMOTE_PATH [LOCAL_DESTINATION]
  Try 'modal volume get -h' for help.
  ╭─ Error ──────────────────────────────────────────────────────────────────────╮
  │ Output path                                                                  │
  │ '/home/obi/competitions/NEREL-BIO/baseline/outputs/author_rus_test_ensemble. │
  │ tsv' already exists. Use --force to overwrite the output directory           │
  ╰──────────────────────────────────────────────────────────────────────────────╯
[22:57:17] [rus] Saved ensemble to /home/obi/competitions/NEREL-BIO/baseline/outputs/author_rus_test_ensemble.tsv
    batch 2400/2675 | 1,228,800/1,369,530 inst | 151 inst/s | ETA 15.5 min
    batch 1000/1598 | 512,000/818,084 inst | 142 inst/s | ETA 36.0 min
    batch 1100/2675 | 563,200/1,369,530 inst | 151 inst/s | ETA 89.2 min
    batch 2400/2675 | 1,228,800/1,369,530 inst | 149 inst/s | ETA 15.7 min
    batch 2200/2675 | 1,126,400/1,369,530 inst | 147 inst/s | ETA 27.5 min
    batch 2500/2675 | 1,280,000/1,369,530 inst | 151 inst/s | ETA 9.8 min
    batch 1200/2675 | 614,400/1,369,530 inst | 151 inst/s | ETA 83.5 min
    batch 1100/1598 | 563,200/818,084 inst | 142 inst/s | ETA 30.0 min
    batch 2500/2675 | 1,280,000/1,369,530 inst | 149 inst/s | ETA 10.0 min
    batch 2300/2675 | 1,177,600/1,369,530 inst | 147 inst/s | ETA 21.7 min
    batch 2600/2675 | 1,331,200/1,369,530 inst | 151 inst/s | ETA 4.2 min
    batch 1300/2675 | 665,600/1,369,530 inst | 151 inst/s | ETA 77.8 min
    batch 1200/1598 | 614,400/818,084 inst | 142 inst/s | ETA 24.0 min
    batch 2600/2675 | 1,331,200/1,369,530 inst | 149 inst/s | ETA 4.3 min
    batch 2400/2675 | 1,228,800/1,369,530 inst | 147 inst/s | ETA 15.9 min
    batch 2675/2675 | 1,369,530/1,369,530 inst | 151 inst/s | ETA 0.0 min
  Saved 32,699 positive predictions → /vol/author_predictions/author_bil_test_stochastic_s1.tsv
  Stopping app - local entrypoint completed.
  Runner terminated.
  ✓ App completed. View run at
  https://modal.com/apps/vaa4207/main/ap-C5X1zkTHG2PI292RYcyLCc
[23:14:45] [bil] Done: author_bil_test_stochastic_s1.tsv
    batch 1400/2675 | 716,800/1,369,530 inst | 151 inst/s | ETA 72.1 min
    batch 2675/2675 | 1,369,530/1,369,530 inst | 149 inst/s | ETA 0.0 min
  Saved 32,676 positive predictions → /vol/author_predictions/author_bil_test_stochastic_s2.tsv
  Stopping app - local entrypoint completed.
  Runner terminated.
  ✓ App completed. View run at
  https://modal.com/apps/vaa4207/main/ap-clcXv8nUlR6m9EJqElmkKP
[23:17:31] [bil] Done: author_bil_test_stochastic_s2.tsv
    batch 1300/1598 | 665,600/818,084 inst | 142 inst/s | ETA 18.0 min
    batch 2500/2675 | 1,280,000/1,369,530 inst | 147 inst/s | ETA 10.1 min
    batch 1500/2675 | 768,000/1,369,530 inst | 151 inst/s | ETA 66.5 min
    batch 1400/1598 | 716,800/818,084 inst | 142 inst/s | ETA 11.9 min
    batch 2600/2675 | 1,331,200/1,369,530 inst | 147 inst/s | ETA 4.3 min
    batch 1600/2675 | 819,200/1,369,530 inst | 151 inst/s | ETA 60.6 min
    batch 2675/2675 | 1,369,530/1,369,530 inst | 147 inst/s | ETA 0.0 min
  Saved 32,486 positive predictions → /vol/author_predictions/author_bil_test_stochastic_s3.tsv
  Stopping app - local entrypoint completed.
  Runner terminated.
  ✓ App completed. View run at
  https://modal.com/apps/vaa4207/main/ap-tv76aLO4qAoeMcgZdK63os
[23:30:04] [bil] Done: author_bil_test_stochastic_s3.tsv
    batch 1500/1598 | 768,000/818,084 inst | 142 inst/s | ETA 5.9 min
    batch 1700/2675 | 870,400/1,369,530 inst | 151 inst/s | ETA 55.0 min
    batch 1598/1598 | 818,084/818,084 inst | 142 inst/s | ETA 0.0 min
  Saved 21,663 positive predictions → /vol/author_predictions/author_eng_test_stochastic_s3.tsv
  Stopping app - local entrypoint completed.
  Runner terminated.
  ✓ App completed. View run at
  https://modal.com/apps/vaa4207/main/ap-0xTzJPwD1oKmEL8tzqPk84
[23:36:10] [eng] Done: author_eng_test_stochastic_s3.tsv
[23:36:10] [eng] Running ensemble → author_eng_test_ensemble.tsv
[23:36:10] [eng_ensemble] $ modal run BioNNE-R/modal_app.py::ensemble_track --track eng
  ✓ Initialized. View run at
  https://modal.com/apps/vaa4207/main/ap-V03ev4ONh3pQFtdHPoNwIP
  ✓ Created objects.
  ├── 🔨 Created mount /home/obi/competitions/NEREL-BIO/BioNNE-R/modal_app.py
  ├── 🔨 Created mount /home/obi/competitions/NEREL-BIO/BioNNE-R/RECOVERY_PLAN.md
  ├── 🔨 Created mount
  │   /home/obi/competitions/NEREL-BIO/BioNNE-R/baseline/data/valid_triplets.json
  ├── 🔨 Created mount /home/obi/competitions/NEREL-BIO/BioNNE-R/baseline/score.py
  ├── 🔨 Created mount
  │   /home/obi/competitions/NEREL-BIO/BioNNE-R/baseline/bionne_train.py
  ├── 🔨 Created mount
  │   /home/obi/competitions/NEREL-BIO/BioNNE-R/baseline/bionne_model.py
  ├── 🔨 Created mount
  │   /home/obi/competitions/NEREL-BIO/BioNNE-R/baseline/prepare_data.py
  ├── 🔨 Created mount
  │   /home/obi/competitions/NEREL-BIO/BioNNE-R/baseline/bionne_predict.py
  ├── 🔨 Created mount
  │   /home/obi/competitions/NEREL-BIO/BioNNE-R/baseline/bionne_dataset.py
  ├── 🔨 Created mount
  │   /home/obi/competitions/NEREL-BIO/BioNNE-R/baseline/baseline.py
  ├── 🔨 Created function extract_single_split.
  ├── 🔨 Created function concat_bilingual.
  ├── 🔨 Created function train_model.
  ├── 🔨 Created function predict_model.
  ├── 🔨 Created function ensemble_track.
  ├── 🔨 Created function inspect_checkpoints.
  ├── 🔨 Created mount
  │   /home/obi/competitions/NEREL-BIO/BioNNE-R/baseline/patch_opennre.py
  └── 🔨 Created function author_baseline_predict.
    author_eng_test_deterministic.tsv: 7,813 rows
    author_eng_test_stochastic_s1.tsv: 21,544 rows
    author_eng_test_stochastic_s2.tsv: 21,608 rows
    author_eng_test_stochastic_s3.tsv: 21,663 rows
  Unique pairs: 28,947
    batch 1800/2675 | 921,600/1,369,530 inst | 151 inst/s | ETA 49.3 min
  Ensemble → author_eng_test_ensemble.tsv: 21,208 positive predictions
  Stopping app - local entrypoint completed.
  ✓ App completed. View run at
  https://modal.com/apps/vaa4207/main/ap-V03ev4ONh3pQFtdHPoNwIP
[23:40:22] [eng_dl] $ modal volume get bionne-v2 author_predictions/author_eng_test_ensemble.tsv /home/obi/competitions/NEREL-BIO/baseline/outputs/author_eng_test_ensemble.tsv
  Usage: modal volume get [OPTIONS] VOLUME_NAME REMOTE_PATH [LOCAL_DESTINATION]
  Try 'modal volume get -h' for help.
  ╭─ Error ──────────────────────────────────────────────────────────────────────╮
  │ Output path                                                                  │
  │ '/home/obi/competitions/NEREL-BIO/baseline/outputs/author_eng_test_ensemble. │
  │ tsv' already exists. Use --force to overwrite the output directory           │
  ╰──────────────────────────────────────────────────────────────────────────────╯
[23:40:23] [eng] Saved ensemble to /home/obi/competitions/NEREL-BIO/baseline/outputs/author_eng_test_ensemble.tsv
    batch 1900/2675 | 972,800/1,369,530 inst | 152 inst/s | ETA 43.6 min
    batch 2000/2675 | 1,024,000/1,369,530 inst | 152 inst/s | ETA 38.0 min
    batch 2100/2675 | 1,075,200/1,369,530 inst | 152 inst/s | ETA 32.3 min
    batch 2200/2675 | 1,126,400/1,369,530 inst | 152 inst/s | ETA 26.7 min
    batch 2300/2675 | 1,177,600/1,369,530 inst | 152 inst/s | ETA 21.1 min
    batch 2400/2675 | 1,228,800/1,369,530 inst | 152 inst/s | ETA 15.4 min
    batch 2500/2675 | 1,280,000/1,369,530 inst | 152 inst/s | ETA 9.8 min
    batch 2600/2675 | 1,331,200/1,369,530 inst | 152 inst/s | ETA 4.2 min
    batch 2675/2675 | 1,369,530/1,369,530 inst | 152 inst/s | ETA 0.0 min
  Saved 36,106 positive predictions → /vol/author_predictions/author_bil_test_deterministic.tsv
  Stopping app - local entrypoint completed.
  Runner terminated.
  ✓ App completed. View run at
  https://modal.com/apps/vaa4207/main/ap-EyFQxPwShkTkmkfHmtPIcM
[00:28:05] [bil] Done: author_bil_test_deterministic.tsv
[00:28:05] [bil] Running ensemble → author_bil_test_ensemble.tsv
[00:28:05] [bil_ensemble] $ modal run BioNNE-R/modal_app.py::ensemble_track --track bil
  ✓ Initialized. View run at
  https://modal.com/apps/vaa4207/main/ap-vBo09gaNnK46SaW3e5ixMT
  ✓ Created objects.
  ├── 🔨 Created mount /home/obi/competitions/NEREL-BIO/BioNNE-R/modal_app.py
  ├── 🔨 Created mount /home/obi/competitions/NEREL-BIO/BioNNE-R/RECOVERY_PLAN.md
  ├── 🔨 Created mount /home/obi/competitions/NEREL-BIO/BioNNE-R/baseline/score.py
  ├── 🔨 Created mount
  │   /home/obi/competitions/NEREL-BIO/BioNNE-R/baseline/data/valid_triplets.json
  ├── 🔨 Created mount
  │   /home/obi/competitions/NEREL-BIO/BioNNE-R/baseline/prepare_data.py
  ├── 🔨 Created mount
  │   /home/obi/competitions/NEREL-BIO/BioNNE-R/baseline/bionne_model.py
  ├── 🔨 Created mount
  │   /home/obi/competitions/NEREL-BIO/BioNNE-R/baseline/bionne_train.py
  ├── 🔨 Created mount
  │   /home/obi/competitions/NEREL-BIO/BioNNE-R/baseline/bionne_predict.py
  ├── 🔨 Created mount
  │   /home/obi/competitions/NEREL-BIO/BioNNE-R/baseline/bionne_dataset.py
  ├── 🔨 Created mount
  │   /home/obi/competitions/NEREL-BIO/BioNNE-R/baseline/baseline.py
  ├── 🔨 Created function extract_single_split.
  ├── 🔨 Created function concat_bilingual.
  ├── 🔨 Created function train_model.
  ├── 🔨 Created function predict_model.
  ├── 🔨 Created function ensemble_track.
  ├── 🔨 Created function inspect_checkpoints.
  ├── 🔨 Created mount
  │   /home/obi/competitions/NEREL-BIO/BioNNE-R/baseline/patch_opennre.py
  └── 🔨 Created function author_baseline_predict.
    author_bil_test_deterministic.tsv: 36,106 rows
    author_bil_test_stochastic_s1.tsv: 32,699 rows
    author_bil_test_stochastic_s2.tsv: 32,676 rows
    author_bil_test_stochastic_s3.tsv: 32,486 rows
  Unique pairs: 44,538
  Task's current input(s) ["in-01KRCJFAXHDC3A67T0JNPKADWE:1778538490805-0"] cancelled because: Task's current input in-01KRCJFAXHDC3A67T0JNPKADWE:1778538490805-0 hit its timeout of 300s
  [modal-client] 2026-05-11T22:33:13+0000 Received a cancellation signal while processing input ('in-01KRCJFAXHDC3A67T0JNPKADWE:1778538490805-0',)
  [modal-client] 2026-05-11T22:33:13+0000 Successfully canceled input ('in-01KRCJFAXHDC3A67T0JNPKADWE:1778538490805-0',)
  Stopping app - uncaught exception raised locally: FunctionTimeoutError("Task's current input in-01KRCJFAXHDC3A67T0JNPKADWE:1778538490805-0 hit its timeout of 300s").
  ╭─ Error ──────────────────────────────────────────────────────────────────────╮
  │ Task's current input in-01KRCJFAXHDC3A67T0JNPKADWE:1778538490805-0 hit its   │
  │ timeout of 300s                                                              │
  ╰──────────────────────────────────────────────────────────────────────────────╯
[00:33:15] [bil] Ensemble failed (exit 1)
[00:33:15] === Author baseline orchestration complete ===
